modelo,producto_id,plaza_id,h,n,mae,rmse,smape,mase,cobertura_pct,amplitud_pct
auto_arima,cebolla_cabezona_blanca,bogota_corabastos,1,61,212.64201367074088,322.45407589409285,10.311481928795203,1.0092330933314488,,
auto_arima,cebolla_cabezona_blanca,bogota_corabastos,2,61,275.59376191361275,381.83558544669694,14.53949866626138,1.299341371251313,,
auto_arima,cebolla_cabezona_blanca,bogota_corabastos,3,61,419.1415305308735,538.3878240353406,21.119236343090893,1.990194441694362,,
auto_arima,cebolla_cabezona_blanca,bogota_corabastos,4,61,478.5788694635065,636.0054286404234,24.05804987774711,2.256824810634287,,
auto_arima,cebolla_cabezona_blanca,bucaramanga_centroabastos,1,61,206.72381191009688,348.8441173621604,9.554349639756571,1.0707909710916306,,
auto_arima,cebolla_cabezona_blanca,bucaramanga_centroabastos,2,61,278.13875471667603,416.0931260887482,13.378521222006063,1.4311321302906719,,
auto_arima,cebolla_cabezona_blanca,bucaramanga_centroabastos,3,61,426.02511829984843,587.9016286476578,20.12215546424006,2.2109121539110137,,
auto_arima,cebolla_cabezona_blanca,bucaramanga_centroabastos,4,61,496.49991941557715,673.6514749011695,24.03093809775814,2.5827106136160323,,
auto_arima,cebolla_cabezona_blanca,cucuta_cenabastos,1,61,197.8225873185783,278.6483940524781,9.761505233246808,0.9762699975828154,,
auto_arima,cebolla_cabezona_blanca,cucuta_cenabastos,2,61,281.19910780922254,390.9511787262511,13.643901898693397,1.382289596886347,,
auto_arima,cebolla_cabezona_blanca,cucuta_cenabastos,3,61,398.65197238503157,560.3206703980185,18.349381935757187,1.9922231657539244,,
auto_arima,cebolla_cabezona_blanca,cucuta_cenabastos,4,61,536.0514391724823,694.8414250006417,24.79690009146085,2.676296304629224,,
auto_arima,cebolla_cabezona_blanca,medellin_central_mayorista,1,61,285.77634198101345,445.7866826384062,12.340904825503522,1.1674336653787456,,
auto_arima,cebolla_cabezona_blanca,medellin_central_mayorista,2,61,337.69549847299686,481.4311167656707,15.045112763205362,1.3692006828323509,,
auto_arima,cebolla_cabezona_blanca,medellin_central_mayorista,3,61,480.7892086668035,641.4888110363304,20.849429302193947,1.9513277246849638,,
auto_arima,cebolla_cabezona_blanca,medellin_central_mayorista,4,61,560.0968171939221,744.5584974595929,24.200292214152956,2.273497299578101,,
auto_arima,mango_tommy,bogota_corabastos,1,56,428.71560130869506,533.6210066639727,9.083702247544903,0.9201690280135023,,
auto_arima,mango_tommy,bogota_corabastos,2,57,653.8181987060742,826.0234695363063,14.991664669240166,1.4106988723582135,,
auto_arima,mango_tommy,bogota_corabastos,3,56,1017.49902950881,1302.0794122356988,21.904364599914153,2.207495362109092,,
auto_arima,mango_tommy,bogota_corabastos,4,55,1282.4790474312092,1681.6472537669601,26.606721536399608,2.7718105709471725,,
auto_arima,mango_tommy,bucaramanga_centroabastos,1,61,473.8964778744477,656.6353578950948,11.035165867607537,1.1637165542450294,,
auto_arima,mango_tommy,bucaramanga_centroabastos,2,61,767.6763696953848,966.948996209506,18.3122545138726,1.915061465420835,,
auto_arima,mango_tommy,bucaramanga_centroabastos,3,61,1083.7844064600536,1373.334478429114,27.07564008907334,2.676861448882088,,
auto_arima,mango_tommy,bucaramanga_centroabastos,4,61,1241.6766328363365,1617.641600549581,30.23671183842223,3.055552048322069,,
auto_arima,mango_tommy,medellin_central_mayorista,1,61,348.81994651832105,482.6304827420834,9.263186738175984,0.8301773968208861,,
auto_arima,mango_tommy,medellin_central_mayorista,2,61,583.0135536005336,761.0394844384273,16.01466507876702,1.3761283255458712,,
auto_arima,mango_tommy,medellin_central_mayorista,3,61,916.4966901127781,1193.9019154330501,23.343265385070602,2.154283972539961,,
auto_arima,mango_tommy,medellin_central_mayorista,4,61,1168.146358676403,1565.9256529314139,27.241572974601418,2.757921533470921,,
auto_arima,papa_criolla,bogota_corabastos,1,61,364.8420617340499,491.06364867611546,8.549377124469629,1.225247284962664,,
auto_arima,papa_criolla,bogota_corabastos,2,61,563.8604032546422,778.4751448905173,12.424190584663927,1.9063076235194658,,
auto_arima,papa_criolla,bogota_corabastos,3,61,629.6298452629634,884.0698027155883,13.830641871675143,2.1288746988217166,,
auto_arima,papa_criolla,bogota_corabastos,4,61,668.9469507241221,940.4165396416615,14.57419598425616,2.264662267976047,,
auto_arima,papa_criolla,bucaramanga_centroabastos,1,60,424.6506786386059,586.01133153911,13.232577434737367,1.3145586277900625,,
auto_arima,papa_criolla,bucaramanga_centroabastos,2,61,501.4520608515209,658.4335372628958,15.146730746734969,1.5864824383863247,,
auto_arima,papa_criolla,bucaramanga_centroabastos,3,61,594.0756673838066,818.5046359635336,17.865365988729955,1.85848247630593,,
auto_arima,papa_criolla,bucaramanga_centroabastos,4,61,665.2356184604942,863.411404425845,20.701662942513614,2.0665425468330416,,
auto_arima,papa_criolla,cucuta_cenabastos,1,61,420.5647218998907,711.6463847518731,13.23836990547832,1.263539224562161,,
auto_arima,papa_criolla,cucuta_cenabastos,2,61,464.79011678844495,677.9286417774011,14.993055745025059,1.398128431371681,,
auto_arima,papa_criolla,cucuta_cenabastos,3,61,586.4933393863345,780.308904375642,18.459078977224493,1.7571345756719376,,
auto_arima,papa_criolla,cucuta_cenabastos,4,61,729.2831980223668,1046.7782866327,22.9756421572898,2.191898687110836,,
auto_arima,papa_criolla,medellin_central_mayorista,1,61,314.2620297917259,432.9473157399726,10.977667795328905,0.9732382516214447,,
auto_arima,papa_criolla,medellin_central_mayorista,2,61,374.9101826489589,485.9474341261198,12.518242313545658,1.160905583577963,,
auto_arima,papa_criolla,medellin_central_mayorista,3,61,553.3898697031465,687.9165965535816,18.41019101361338,1.7092442081510681,,
auto_arima,papa_criolla,medellin_central_mayorista,4,61,557.0927464924135,671.6821625158311,18.845684521903546,1.7299362074944649,,
auto_arima,papa_negra,bogota_corabastos,1,61,144.99480969847477,197.03501117527495,7.89155819994205,1.2799256635892964,,
auto_arima,papa_negra,bogota_corabastos,2,61,210.36145626541472,273.05705922878656,11.235050152559925,1.8755819556688367,,
auto_arima,papa_negra,bogota_corabastos,3,61,280.1804858291679,354.94957628121324,14.843562655592041,2.5041883337468827,,
auto_arima,papa_negra,bogota_corabastos,4,61,309.48927510650134,413.12178009006976,16.143247677723277,2.7558921062426016,,
auto_arima,papa_negra,bucaramanga_centroabastos,1,61,164.0906556095621,262.8344087446252,9.258519579911932,1.2072811430415111,,
auto_arima,papa_negra,bucaramanga_centroabastos,2,61,210.59133995849047,280.9636035468461,11.998173720060906,1.5737496470030203,,
auto_arima,papa_negra,bucaramanga_centroabastos,3,61,287.4156805641707,385.78103490661323,16.040154789499933,2.1551483609219075,,
auto_arima,papa_negra,bucaramanga_centroabastos,4,61,303.1688155690183,402.2049621935845,16.51418479161229,2.269981743935179,,
auto_arima,papa_negra,medellin_central_mayorista,1,61,177.76623837627247,277.73886488485846,7.732382336010807,1.2489624105535935,,
auto_arima,papa_negra,medellin_central_mayorista,2,61,216.79210706300393,292.25377384822724,9.796580892091033,1.5289352696360667,,
auto_arima,papa_negra,medellin_central_mayorista,3,61,267.34874560975516,360.0889828838637,11.824549731412528,1.896937389919425,,
auto_arima,papa_negra,medellin_central_mayorista,4,61,294.52991566119977,389.8266688328648,13.070119510975797,2.083946254836768,,
auto_arima,platano_harton_verde,bogota_corabastos,1,61,188.49191407833905,267.61653012424534,6.148040755621905,1.1608942336732349,,
auto_arima,platano_harton_verde,bogota_corabastos,2,61,299.475929309977,374.6509783322943,9.707876450413613,1.844339781641487,,
auto_arima,platano_harton_verde,bogota_corabastos,3,61,349.876151384136,441.2200998944472,11.530075905889943,2.1444664006836707,,
auto_arima,platano_harton_verde,bogota_corabastos,4,61,396.4399124014525,492.69284394213105,13.033906520180254,2.430779245534744,,
auto_arima,platano_harton_verde,bucaramanga_centroabastos,1,61,156.36855383601542,276.24337817824727,4.326698811215728,1.2102544322912525,,
auto_arima,platano_harton_verde,bucaramanga_centroabastos,2,61,258.22707796734153,358.4223750977821,7.599796013969315,2.0059636392455844,,
auto_arima,platano_harton_verde,bucaramanga_centroabastos,3,61,335.01445227763327,467.3458667597396,9.617999764807275,2.6139888819959705,,
auto_arima,platano_harton_verde,bucaramanga_centroabastos,4,61,379.1023559651148,499.84483099358647,11.064039805847395,2.958594021350812,,
auto_arima,platano_harton_verde,cucuta_cenabastos,1,61,221.0254444937448,321.6280620174255,6.84875534980673,1.273513652203726,,
auto_arima,platano_harton_verde,cucuta_cenabastos,2,61,294.70309276860274,403.4063908608489,9.067600412030961,1.6917891240363303,,
auto_arima,platano_harton_verde,cucuta_cenabastos,3,61,330.8114699227407,428.71481352492054,9.989818824052065,1.8977166582549876,,
auto_arima,platano_harton_verde,cucuta_cenabastos,4,61,364.135942345404,466.82208607282183,11.18879753400885,2.0922143327823304,,
auto_arima,platano_harton_verde,medellin_central_mayorista,1,61,115.17035393925414,180.1012899310764,5.158620599659707,1.3814995636494354,,
auto_arima,platano_harton_verde,medellin_central_mayorista,2,61,175.18840974736202,250.88317130540779,7.871839027863353,2.1066568732308615,,
auto_arima,platano_harton_verde,medellin_central_mayorista,3,61,222.0369839685868,284.38499569185916,10.290399214825156,2.640549675701076,,
auto_arima,platano_harton_verde,medellin_central_mayorista,4,61,251.98907642593747,339.1815014516908,11.385233692877932,3.011499644916415,,
auto_arima,tomate,bogota_corabastos,1,61,447.13882328681655,590.7856901689972,14.470364586224397,1.3459895456580488,,
auto_arima,tomate,bogota_corabastos,2,61,619.4003684965629,815.9933776451973,20.584682798228897,1.9181397564685334,,
auto_arima,tomate,bogota_corabastos,3,61,673.9202542677843,852.1857152027818,21.640069746054785,2.0696455280396577,,
auto_arima,tomate,bogota_corabastos,4,61,756.8074518014004,971.4172934550817,23.991730515359585,2.3064958482987334,,
auto_arima,tomate,bucaramanga_centroabastos,1,61,435.9607144796986,622.3337591112283,15.782499187158578,1.1151075501391814,,
auto_arima,tomate,bucaramanga_centroabastos,2,61,615.3284352880639,777.4537765097485,21.93409054278206,1.608742346508918,,
auto_arima,tomate,bucaramanga_centroabastos,3,61,690.8389683107389,891.2161244766697,23.42049448369319,1.8224556506463696,,
auto_arima,tomate,bucaramanga_centroabastos,4,61,842.4316236316519,1029.244865179962,29.06601896257544,2.1922804218680008,,
auto_arima,tomate,cucuta_cenabastos,1,61,439.4568999613005,568.9736985673727,16.824314955170934,1.2197854638927095,,
auto_arima,tomate,cucuta_cenabastos,2,61,551.0652627340226,749.5400121942664,20.84631290783672,1.523992297271246,,
auto_arima,tomate,cucuta_cenabastos,3,61,676.1858049578071,916.7047147652123,23.981545838579436,1.8707669478843996,,
auto_arima,tomate,cucuta_cenabastos,4,61,736.033190654308,920.0337191066999,25.188937367401543,2.0263271747665272,,
auto_arima,tomate,medellin_central_mayorista,1,61,532.630683797417,701.8302621853246,18.15665046635737,1.0913228516069962,,
auto_arima,tomate,medellin_central_mayorista,2,61,812.0506672801783,980.9462568995802,27.12794403038839,1.6892651424398688,,
auto_arima,tomate,medellin_central_mayorista,3,61,865.3388284164779,1033.2154763299664,28.843486098497106,1.7995032059601261,,
auto_arima,tomate,medellin_central_mayorista,4,61,894.2959533226775,1059.0754234882527,29.421733549970945,1.8506956096290228,,
auto_arima,yuca,bogota_corabastos,1,61,204.8261823658336,346.1271321184288,7.368859297955716,1.6039620904156018,,
auto_arima,yuca,bogota_corabastos,2,61,230.8092538729512,324.0157580295926,8.272186890766116,1.7953655818010044,,
auto_arima,yuca,bogota_corabastos,3,61,270.75851168766553,415.88305105628706,9.22254462256903,2.1155478313171923,,
auto_arima,yuca,bogota_corabastos,4,61,259.43190097321536,368.2048496827367,9.327788878246873,2.057786401975555,,
auto_arima,yuca,bucaramanga_centroabastos,1,61,162.83303282959108,277.21058187264157,6.909544287161296,1.2735016397883898,,
auto_arima,yuca,bucaramanga_centroabastos,2,61,221.04481689271003,325.3027575981677,9.707467978609326,1.6189270152089525,,
auto_arima,yuca,bucaramanga_centroabastos,3,61,260.90299203436564,344.91148171570046,11.455757109594998,1.95753902698137,,
auto_arima,yuca,bucaramanga_centroabastos,4,61,293.32865083542777,414.5317611323325,12.981400340995073,2.2768322024239778,,
auto_arima,yuca,cucuta_cenabastos,1,61,91.09816196375255,129.48202645608956,3.8656764155218215,0.816863001262596,,
auto_arima,yuca,cucuta_cenabastos,2,61,113.35130902179412,159.43174819625253,4.642792934676335,1.0200806396800055,,
auto_arima,yuca,cucuta_cenabastos,3,61,143.5368987120922,194.56230416372708,5.772265533326813,1.2892364368954383,,
auto_arima,yuca,cucuta_cenabastos,4,61,173.70788812263763,228.98368720381876,7.252199976356935,1.5643440914313185,,
auto_arima,yuca,medellin_central_mayorista,1,61,77.67644160713219,116.84943456780638,3.409226442589276,1.052253354753712,,
auto_arima,yuca,medellin_central_mayorista,2,61,135.0429967655354,199.73240698000788,5.6936928614954425,1.836974750572582,,
auto_arima,yuca,medellin_central_mayorista,3,61,172.1937104966804,225.74948640340176,7.4492576236113965,2.3363032891580753,,
auto_arima,yuca,medellin_central_mayorista,4,61,209.01768303546498,266.34086009969025,9.162946917123799,2.8286950145126943,,
auto_arima,zanahoria,bogota_corabastos,1,61,262.056949072869,345.974974797136,11.036512672929565,1.1746254453536011,,
auto_arima,zanahoria,bogota_corabastos,2,61,290.58377332502556,398.91737643874575,11.900239677526674,1.3139644445815382,,
auto_arima,zanahoria,bogota_corabastos,3,61,358.93059945795204,511.7189715556338,14.806679607105647,1.6095714562497143,,
auto_arima,zanahoria,bogota_corabastos,4,61,401.57030040631156,568.059166714644,17.02561907397157,1.784471988994878,,
auto_arima,zanahoria,bucaramanga_centroabastos,1,61,232.0644186890111,407.2067602886471,11.134249902329366,1.2626102643631956,,
auto_arima,zanahoria,bucaramanga_centroabastos,2,61,283.4564540536839,391.2459361210697,14.518977679921363,1.532566280503604,,
auto_arima,zanahoria,bucaramanga_centroabastos,3,61,303.93347152735214,422.4287160605283,16.172714414334386,1.6453749787600485,,
auto_arima,zanahoria,bucaramanga_centroabastos,4,61,376.8329336077293,499.70469034768837,19.754293648048456,2.0434122872275626,,
auto_arima,zanahoria,cucuta_cenabastos,1,61,262.7579633169091,546.6637508918218,12.621487672896755,1.4762397420669806,,
auto_arima,zanahoria,cucuta_cenabastos,2,61,310.97995826100424,457.2269515104146,15.856626496559311,1.740658721349991,,
auto_arima,zanahoria,cucuta_cenabastos,3,61,365.81388159902525,515.5626722793261,19.11820572140586,2.070543602743336,,
auto_arima,zanahoria,cucuta_cenabastos,4,61,416.9933585529264,583.0217398270559,21.959111616726542,2.3647221290397495,,
auto_arima,zanahoria,medellin_central_mayorista,1,61,160.82463451825163,219.51684972825907,13.893128885370357,1.18165557948235,,
auto_arima,zanahoria,medellin_central_mayorista,2,61,218.90228766057086,282.2910550777875,18.5506349161281,1.6109165117983868,,
auto_arima,zanahoria,medellin_central_mayorista,3,61,256.1761411480054,329.87531568652133,22.01741790184643,1.8859076037685438,,
auto_arima,zanahoria,medellin_central_mayorista,4,61,289.6317537976212,383.01721974477397,24.074210159639794,2.137983142255793,,
ets,cebolla_cabezona_blanca,bogota_corabastos,1,61,211.6451427001652,313.3364556992956,10.54904632156628,0.9982243845625453,,
ets,cebolla_cabezona_blanca,bogota_corabastos,2,61,281.95435639241344,388.7713186796788,14.667495024664623,1.3268910279990547,,
ets,cebolla_cabezona_blanca,bogota_corabastos,3,61,428.5318084745115,543.4561874184993,20.8034216002004,2.0299711931266504,,
ets,cebolla_cabezona_blanca,bogota_corabastos,4,61,511.50300616116255,664.7263522563319,25.23182921416916,2.400110872371073,,
ets,cebolla_cabezona_blanca,bucaramanga_centroabastos,1,61,216.24918924341296,352.7918847842621,10.097682655121572,1.119543011192581,,
ets,cebolla_cabezona_blanca,bucaramanga_centroabastos,2,61,301.65533880935766,437.120989760447,14.386569989107883,1.555169581815427,,
ets,cebolla_cabezona_blanca,bucaramanga_centroabastos,3,61,445.1769843371696,607.8034480138386,20.678823604225588,2.3055654063796456,,
ets,cebolla_cabezona_blanca,bucaramanga_centroabastos,4,61,519.9989193095404,694.5587698572374,24.818666783874306,2.6897715376083946,,
ets,cebolla_cabezona_blanca,cucuta_cenabastos,1,61,183.6229648413179,262.3074981350266,9.006228209588695,0.9117640256462031,,
ets,cebolla_cabezona_blanca,cucuta_cenabastos,2,61,297.8428020883389,401.3498055426265,14.349158763615485,1.4686394363075288,,
ets,cebolla_cabezona_blanca,cucuta_cenabastos,3,61,420.47912979161686,590.6185270360994,18.860982287593274,2.090744481073341,,
ets,cebolla_cabezona_blanca,cucuta_cenabastos,4,61,559.6809244054471,722.8962203970568,25.230362982839516,2.7799731501130447,,
ets,cebolla_cabezona_blanca,medellin_central_mayorista,1,61,277.6955494896412,434.3765203342902,12.032619918000236,1.1332531831325008,,
ets,cebolla_cabezona_blanca,medellin_central_mayorista,2,61,326.9239981984619,471.06932069256584,14.541834922943758,1.3237506277398348,,
ets,cebolla_cabezona_blanca,medellin_central_mayorista,3,61,496.5584996158611,647.6663018731703,21.44612287833108,2.013276780274804,,
ets,cebolla_cabezona_blanca,medellin_central_mayorista,4,61,585.9746123638038,758.3494854260888,25.16098967475703,2.3772648447198197,,
ets,mango_tommy,bogota_corabastos,1,56,550.1507278694733,705.056048860681,11.333088536851957,1.1800793596635022,,
ets,mango_tommy,bogota_corabastos,2,57,860.9226835368225,1058.9172411203301,19.35207184378215,1.848364882631263,,
ets,mango_tommy,bogota_corabastos,3,56,1260.1170258972309,1576.0879425703922,27.51345894987628,2.707263307832001,,
ets,mango_tommy,bogota_corabastos,4,55,1542.8357137140995,2039.155541414258,31.410127477570178,3.312453560660287,,
ets,mango_tommy,bucaramanga_centroabastos,1,61,520.5289380271964,717.731227704978,12.302728311025483,1.2707174435039281,,
ets,mango_tommy,bucaramanga_centroabastos,2,61,837.8636071716021,1080.631872667155,19.391800742874665,2.0776082589747324,,
ets,mango_tommy,bucaramanga_centroabastos,3,61,1161.2632660067432,1493.4975821867476,27.861348037101425,2.8428032846539733,,
ets,mango_tommy,bucaramanga_centroabastos,4,61,1301.5979108053161,1706.361275286744,30.77235176200385,3.183748783892757,,
ets,mango_tommy,medellin_central_mayorista,1,61,427.7249782942429,605.8292464461738,11.770917002382983,1.0146094520406983,,
ets,mango_tommy,medellin_central_mayorista,2,61,742.322771241077,946.6478844924367,20.381615193233856,1.7447558467317277,,
ets,mango_tommy,medellin_central_mayorista,3,61,1108.9518731118412,1433.5031365981527,29.29274662201805,2.6074500489525976,,
ets,mango_tommy,medellin_central_mayorista,4,61,1407.7204492404721,1789.765594145468,33.73165693719534,3.3211345719537095,,
ets,papa_criolla,bogota_corabastos,1,61,335.7001870312196,453.20491526704114,7.941815072029522,1.131620381111665,,
ets,papa_criolla,bogota_corabastos,2,61,510.4583475123448,711.3014426962549,11.26267516013281,1.7340189554507388,,
ets,papa_criolla,bogota_corabastos,3,61,572.5820531421938,827.6763162067191,12.79318446288559,1.9495185567640931,,
ets,papa_criolla,bogota_corabastos,4,61,644.4408265877307,900.1055268305644,14.05488875851576,2.1888121005212193,,
ets,papa_criolla,bucaramanga_centroabastos,1,60,420.4386015397196,595.2640326651024,12.995297434269448,1.3057964956736694,,
ets,papa_criolla,bucaramanga_centroabastos,2,61,497.5555644003106,671.7464095835072,14.92862006786981,1.5793969725387509,,
ets,papa_criolla,bucaramanga_centroabastos,3,61,592.1085328152038,815.1080153444599,17.637215943367597,1.8559549183292225,,
ets,papa_criolla,bucaramanga_centroabastos,4,61,665.0929782267161,877.8530482087095,20.477131683231573,2.0713395379180572,,
ets,papa_criolla,cucuta_cenabastos,1,61,414.1654566758698,692.0099887344659,13.111197934417106,1.2469015905694223,,
ets,papa_criolla,cucuta_cenabastos,2,61,461.1425955040785,663.8524483070113,14.83106507278257,1.3892911636756575,,
ets,papa_criolla,cucuta_cenabastos,3,61,588.8009660257018,763.0252120436242,18.527474734265738,1.7667174011619853,,
ets,papa_criolla,cucuta_cenabastos,4,61,728.4435728039482,1031.2461067096604,22.966158000652246,2.1911913756001953,,
ets,papa_criolla,medellin_central_mayorista,1,61,306.6631100995811,423.78141520045267,10.734032352392074,0.94945955477681,,
ets,papa_criolla,medellin_central_mayorista,2,61,364.80124197928154,474.34681579825474,12.138768243077685,1.1296351806261975,,
ets,papa_criolla,medellin_central_mayorista,3,61,533.3001070910229,681.022161657183,17.73547024004907,1.6507063827578023,,
ets,papa_criolla,medellin_central_mayorista,4,61,548.3440679760612,677.2770300890996,18.50195543404811,1.7046058641083088,,
ets,papa_negra,bogota_corabastos,1,61,144.61271685685466,196.01564019995078,7.885123390294499,1.2755331507524306,,
ets,papa_negra,bogota_corabastos,2,61,212.91061512688597,271.56249737913214,11.505250187868384,1.8941071169939807,,
ets,papa_negra,bogota_corabastos,3,61,281.1513285615779,356.5340934178746,15.079356660244036,2.507053593285393,,
ets,papa_negra,bogota_corabastos,4,61,308.08412438346187,411.82359253575163,16.034643368593514,2.7383622899716364,,
ets,papa_negra,bucaramanga_centroabastos,1,61,154.27504432941123,250.18427973887404,8.641580062311057,1.1444084835487618,,
ets,papa_negra,bucaramanga_centroabastos,2,61,220.1973698145806,295.4512027882131,12.331774749958633,1.6424424653318215,,
ets,papa_negra,bucaramanga_centroabastos,3,61,304.6664581979411,412.36169799252644,16.902393673639963,2.2777843419925943,,
ets,papa_negra,bucaramanga_centroabastos,4,61,318.6682220610894,422.4752524552156,17.331867547542164,2.383048398962762,,
ets,papa_negra,medellin_central_mayorista,1,61,171.00661857873504,268.92448586697606,7.306998551586295,1.202614181291178,,
ets,papa_negra,medellin_central_mayorista,2,61,208.11527212042245,283.5336654022422,9.343306075323916,1.4668482260961968,,
ets,papa_negra,medellin_central_mayorista,3,61,255.7344936785405,351.09559349148196,11.285250235798342,1.8132048331189934,,
ets,papa_negra,medellin_central_mayorista,4,61,281.760684839553,382.4989160154654,12.455110995161505,1.992785873755026,,
ets,platano_harton_verde,bogota_corabastos,1,61,181.18118626021115,260.9998093293236,5.90780038607939,1.1192137530450705,,
ets,platano_harton_verde,bogota_corabastos,2,61,298.4130185433344,376.5169008403439,9.54354869810372,1.8395384530428278,,
ets,platano_harton_verde,bogota_corabastos,3,61,354.42659806361377,441.61496265150635,11.686366314745454,2.176595863796581,,
ets,platano_harton_verde,bogota_corabastos,4,61,403.6114991411123,501.99340155597235,13.324118061435241,2.479954139469819,,
ets,platano_harton_verde,bucaramanga_centroabastos,1,61,155.62639557578785,275.1192539047216,4.2869567453838275,1.2045364321030845,,
ets,platano_harton_verde,bucaramanga_centroabastos,2,61,256.8513171919041,356.51619622483815,7.566863991541016,1.9950672916573193,,
ets,platano_harton_verde,bucaramanga_centroabastos,3,61,330.86487208377997,462.96107107966367,9.52555444465149,2.58084606165406,,
ets,platano_harton_verde,bucaramanga_centroabastos,4,61,369.9961934930815,492.88028723745913,10.859564276155874,2.8846785294146313,,
ets,platano_harton_verde,cucuta_cenabastos,1,61,218.7559948446099,314.50674691713937,6.802905570638148,1.261251142869658,,
ets,platano_harton_verde,cucuta_cenabastos,2,61,281.69916874044264,386.38281934103054,8.628633795773863,1.617236399564248,,
ets,platano_harton_verde,cucuta_cenabastos,3,61,321.5179702356848,416.73820034594286,9.716968907625578,1.8425747641616623,,
ets,platano_harton_verde,cucuta_cenabastos,4,61,357.5429525792725,459.1853457551628,11.047232868244304,2.0507469476868105,,
ets,platano_harton_verde,medellin_central_mayorista,1,61,116.93890893065685,177.6626303070463,5.221621377449932,1.3972077098742044,,
ets,platano_harton_verde,medellin_central_mayorista,2,61,175.07587697626764,249.89110685114787,7.884830689825694,2.101278979603472,,
ets,platano_harton_verde,medellin_central_mayorista,3,61,221.7423013464482,281.79972417660815,10.255612111472683,2.636468071515679,,
ets,platano_harton_verde,medellin_central_mayorista,4,61,253.48769901765849,338.84478216281997,11.426441570545794,3.0269404072865904,,
ets,tomate,bogota_corabastos,1,61,428.3863721930093,573.0112865527885,13.867815160037866,1.2950234058616803,,
ets,tomate,bogota_corabastos,2,61,698.4530604465917,885.6366365082863,22.654208161378016,2.125091464063235,,
ets,tomate,bogota_corabastos,3,61,743.296274631634,904.0648000313785,23.247825883968794,2.2434538899692305,,
ets,tomate,bogota_corabastos,4,61,818.8496327897429,1002.7048970442601,24.84112165631302,2.436345880408303,,
ets,tomate,bucaramanga_centroabastos,1,61,458.3843135909961,631.8358480822818,16.66502788327681,1.1690810024038665,,
ets,tomate,bucaramanga_centroabastos,2,61,672.8982824251541,848.2595179789153,23.70315730386315,1.7424123701546503,,
ets,tomate,bucaramanga_centroabastos,3,61,755.2383145696757,952.6056951148577,25.48614109470197,1.9751681311041827,,
ets,tomate,bucaramanga_centroabastos,4,61,791.174133727265,1015.964867875082,26.5797715323071,2.0352381809575086,,
ets,tomate,cucuta_cenabastos,1,61,427.73528145657906,577.155634776636,16.35533512519935,1.1844270851550696,,
ets,tomate,cucuta_cenabastos,2,61,627.1703792938031,834.4050475804587,22.92297647761109,1.7257696757644838,,
ets,tomate,cucuta_cenabastos,3,61,739.2499805030761,965.034567020051,24.602028937367322,2.0296712541919586,,
ets,tomate,cucuta_cenabastos,4,61,802.3645866613347,971.1585020246628,25.704302437522987,2.1968500605135537,,
ets,tomate,medellin_central_mayorista,1,61,566.4974845571388,715.5955859618684,19.408167169951977,1.1671505077290751,,
ets,tomate,medellin_central_mayorista,2,61,854.2469308771867,1063.2731077673338,27.567192542054997,1.773194308094277,,
ets,tomate,medellin_central_mayorista,3,61,871.6871326171455,1088.842634665374,28.5724346848374,1.8039258588082323,,
ets,tomate,medellin_central_mayorista,4,61,946.7870991529503,1180.0356697665889,30.17391491526295,1.949837084235782,,
ets,yuca,bogota_corabastos,1,61,208.90101821686804,350.21837818142046,7.52586144816047,1.6305691185783597,,
ets,yuca,bogota_corabastos,2,61,219.17396238692135,307.60001973723126,7.911544485725942,1.6847594589014028,,
ets,yuca,bogota_corabastos,3,61,254.06750864673944,400.01527543875136,8.639994735480842,1.964246276073627,,
ets,yuca,bogota_corabastos,4,61,242.0726765953916,344.306654268058,8.672259195482628,1.8990192101654455,,
ets,yuca,bucaramanga_centroabastos,1,61,168.7924388803367,287.04758130516234,6.947964001190508,1.3138148035875983,,
ets,yuca,bucaramanga_centroabastos,2,61,219.81297212558042,313.80000788536574,9.63130017594255,1.6225232417602964,,
ets,yuca,bucaramanga_centroabastos,3,61,259.2414843691145,337.6607908432285,11.342403748834212,1.9517924354962453,,
ets,yuca,bucaramanga_centroabastos,4,61,291.95444241648124,414.63063874115153,13.000419112465018,2.270400904999313,,
ets,yuca,cucuta_cenabastos,1,61,98.3100187698727,137.53894180231885,4.1416763406218795,0.8796694713112566,,
ets,yuca,cucuta_cenabastos,2,61,126.22150620449766,163.82697573586537,5.185744560667533,1.1321285378571775,,
ets,yuca,cucuta_cenabastos,3,61,143.95414611901634,191.98529929476436,5.863497901441752,1.289826442259045,,
ets,yuca,cucuta_cenabastos,4,61,177.33197979880288,223.02426437971377,7.575229153762793,1.5939335275077016,,
ets,yuca,medellin_central_mayorista,1,61,77.44247299657891,115.50840385395534,3.4167026320517504,1.0500127206694518,,
ets,yuca,medellin_central_mayorista,2,61,133.0455449820379,196.78597668098573,5.604249733038039,1.8097442463543425,,
ets,yuca,medellin_central_mayorista,3,61,169.58945938046236,224.42192668653544,7.341456668848764,2.3011117485282884,,
ets,yuca,medellin_central_mayorista,4,61,204.91479569140122,264.0801313019201,9.011507795934167,2.773578481335943,,
ets,zanahoria,bogota_corabastos,1,61,267.2402078077231,345.1632824765263,11.167934023708675,1.1955380865019927,,
ets,zanahoria,bogota_corabastos,2,61,295.51334228234265,404.99512968601255,12.02847074148528,1.333977279333514,,
ets,zanahoria,bogota_corabastos,3,61,369.65449927979324,516.3092451296233,15.283623947264319,1.6576761468850978,,
ets,zanahoria,bogota_corabastos,4,61,414.07858888571707,583.7129666847632,17.443684094019005,1.837243587113264,,
ets,zanahoria,bucaramanga_centroabastos,1,61,222.9655934455556,401.16982835460055,10.785343437808784,1.2182694505075573,,
ets,zanahoria,bucaramanga_centroabastos,2,61,291.2863154630368,418.302929079584,14.798604962585596,1.5819074761940186,,
ets,zanahoria,bucaramanga_centroabastos,3,61,312.3645557293157,475.11576202739695,16.481277046288305,1.6972155503880881,,
ets,zanahoria,bucaramanga_centroabastos,4,61,387.79064850785903,551.0268468977562,20.014812313934367,2.1055535113361445,,
ets,zanahoria,cucuta_cenabastos,1,61,271.1741551317626,556.4204165490997,13.088820366947381,1.5351943501049792,,
ets,zanahoria,cucuta_cenabastos,2,61,319.68615210239625,452.3107666004028,16.616503072062415,1.801981320013729,,
ets,zanahoria,cucuta_cenabastos,3,61,382.5061712379827,502.58353362007324,20.68973599390141,2.185764784220154,,
ets,zanahoria,cucuta_cenabastos,4,61,433.4820025052613,593.1060658378702,23.189449512248775,2.465636009963415,,
ets,zanahoria,medellin_central_mayorista,1,61,164.70695454908025,223.19134289676947,14.035601544609591,1.209817599632002,,
ets,zanahoria,medellin_central_mayorista,2,61,212.4839756335488,273.10084062153607,17.688398348503732,1.568961053053066,,
ets,zanahoria,medellin_central_mayorista,3,61,251.14280733135888,332.3093806595166,21.22990787075449,1.8452011492284166,,
ets,zanahoria,medellin_central_mayorista,4,61,299.60644255332505,390.96261856488525,24.178678505068955,2.206733474622684,,
lgbm_conformal,cebolla_cabezona_blanca,bogota_corabastos,1,61,227.32525916957502,318.66213127962345,11.057356192533577,1.0815458192855982,80.32786885245902,33.59627313347673
lgbm_conformal,cebolla_cabezona_blanca,bogota_corabastos,2,61,310.1430822910941,421.7281901901502,15.774062292771626,1.4668655294851052,73.77049180327869,47.48386125712719
lgbm_conformal,cebolla_cabezona_blanca,bogota_corabastos,3,61,445.32583161008927,593.5526364265708,21.303442453065774,2.1058664476566884,67.21311475409836,56.07944061660787
lgbm_conformal,cebolla_cabezona_blanca,bogota_corabastos,4,61,549.1498298094069,699.0273314108084,27.028684140840305,2.5816266432022643,59.01639344262295,67.30729935023689
lgbm_conformal,cebolla_cabezona_blanca,bucaramanga_centroabastos,1,61,228.74704614393548,370.9673707896894,10.317004299205102,1.189530039499506,81.9672131147541,33.86904847128373
lgbm_conformal,cebolla_cabezona_blanca,bucaramanga_centroabastos,2,61,297.4766772619344,432.51762972996903,14.522074618907219,1.5324701405974717,78.68852459016394,47.69849695939003
lgbm_conformal,cebolla_cabezona_blanca,bucaramanga_centroabastos,3,61,441.0272688495246,624.042846320487,20.75404211860073,2.2855039268901707,70.49180327868852,58.16963241535167
lgbm_conformal,cebolla_cabezona_blanca,bucaramanga_centroabastos,4,61,527.9462853496913,673.1240368510303,25.625650698786934,2.744078748281497,65.57377049180327,65.72639182875645
lgbm_conformal,cebolla_cabezona_blanca,cucuta_cenabastos,1,61,198.693676220604,298.3722394169845,9.610046625741056,0.9873201126570427,81.9672131147541,32.67888255668685
lgbm_conformal,cebolla_cabezona_blanca,cucuta_cenabastos,2,61,308.090942828343,415.434463876991,14.733890111953965,1.5251607542421126,77.04918032786885,46.762971169052555
lgbm_conformal,cebolla_cabezona_blanca,cucuta_cenabastos,3,61,446.25898426443257,600.1435474402435,20.010623452510476,2.228710466797733,67.21311475409836,56.47553405240851
lgbm_conformal,cebolla_cabezona_blanca,cucuta_cenabastos,4,61,529.0400320154637,690.5155162913898,24.117467230113185,2.6392185574047407,65.57377049180327,64.97584083411432
lgbm_conformal,cebolla_cabezona_blanca,medellin_central_mayorista,1,61,298.3447200586402,434.9101853195684,12.62407654119242,1.2168847322699066,73.77049180327869,33.20833032556219
lgbm_conformal,cebolla_cabezona_blanca,medellin_central_mayorista,2,61,346.40073057367465,480.25528561237115,15.519919264643958,1.402013533406869,77.04918032786885,46.996561452860824
lgbm_conformal,cebolla_cabezona_blanca,medellin_central_mayorista,3,61,492.5061034908935,665.8448074161197,21.130696631946403,1.9985815007926822,70.49180327868852,55.8421696264655
lgbm_conformal,cebolla_cabezona_blanca,medellin_central_mayorista,4,61,594.8204974995703,772.5948200749103,25.304031720912175,2.4115381640166422,65.57377049180327,64.95617762944639
lgbm_conformal,mango_tommy,bogota_corabastos,1,52,418.0575295444865,533.1652127066873,8.177568604237596,0.8813264734043254,90.38461538461539,33.338799987339954
lgbm_conformal,mango_tommy,bogota_corabastos,2,54,670.5028678976106,859.2883924178695,14.052441112469394,1.4347015364843316,79.62962962962963,45.7699220469474
lgbm_conformal,mango_tommy,bogota_corabastos,3,53,856.187224217111,1120.4514830634505,17.728531850677307,1.8420145036767575,69.81132075471697,54.485556426573645
lgbm_conformal,mango_tommy,bogota_corabastos,4,52,1081.4776874351514,1369.6974327508408,21.594856999679422,2.314771934654498,71.15384615384616,61.83451356542958
lgbm_conformal,mango_tommy,bucaramanga_centroabastos,1,61,451.65643286617205,649.6506903828599,10.469701729909591,1.10872309140751,81.9672131147541,33.2423176806923
lgbm_conformal,mango_tommy,bucaramanga_centroabastos,2,61,666.3385431015746,894.7206913609075,15.033953779231465,1.6752010630582892,78.68852459016394,46.25200730844012
lgbm_conformal,mango_tommy,bucaramanga_centroabastos,3,61,793.2531167297544,1061.1262165410774,19.68160522385195,1.9761337591439871,72.1311475409836,55.57259925048733
lgbm_conformal,mango_tommy,bucaramanga_centroabastos,4,61,879.7173399607127,1198.5092658534975,20.823984297005797,2.187121102812304,73.77049180327869,64.28642537592073
lgbm_conformal,mango_tommy,medellin_central_mayorista,1,61,408.6892692630006,568.9847086434697,10.91619008669871,0.9697747596914166,77.04918032786885,34.40185617582503
lgbm_conformal,mango_tommy,medellin_central_mayorista,2,61,638.6366305626553,864.9148772893486,16.870673052100976,1.504248712081607,70.49180327868852,47.666498740091114
lgbm_conformal,mango_tommy,medellin_central_mayorista,3,61,867.753598425868,1118.0361262278725,22.812587374335898,2.0375479864044603,63.934426229508205,58.02927840846919
lgbm_conformal,mango_tommy,medellin_central_mayorista,4,61,1021.1034566167275,1325.3290760095304,25.142518821340786,2.405377174814563,68.85245901639344,63.803949585691335
lgbm_conformal,papa_criolla,bogota_corabastos,1,61,399.5637553513942,519.492387601188,9.263400177461671,1.34803653904834,83.60655737704919,31.587976293442477
lgbm_conformal,papa_criolla,bogota_corabastos,2,61,572.1599166529105,815.9002715248638,12.766350065172682,1.9390087546545833,85.24590163934425,43.991691399049664
lgbm_conformal,papa_criolla,bogota_corabastos,3,61,658.903790830672,861.035515079856,14.740279953937346,2.227066541756611,88.52459016393442,52.51994226524042
lgbm_conformal,papa_criolla,bogota_corabastos,4,61,728.7956972912622,973.5953051046879,16.550612291855074,2.478369269914369,88.52459016393442,59.635682862194415
lgbm_conformal,papa_criolla,bucaramanga_centroabastos,1,60,412.4639586489163,587.3551341919808,12.820072450150994,1.2732393900729126,68.33333333333333,33.466442152619216
lgbm_conformal,papa_criolla,bucaramanga_centroabastos,2,61,481.82136072394474,600.0559593216556,14.707010842653595,1.5156450723051917,85.24590163934425,47.10014618781091
lgbm_conformal,papa_criolla,bucaramanga_centroabastos,3,61,601.2084159842157,792.0723205097131,18.207304341780155,1.873915628231207,77.04918032786885,56.942294551117556
lgbm_conformal,papa_criolla,bucaramanga_centroabastos,4,61,632.3998997612335,811.7674420478759,19.704933323114872,1.9630754125289362,75.40983606557377,65.4672717293897
lgbm_conformal,papa_criolla,cucuta_cenabastos,1,61,418.1915932607801,727.264628778327,12.94937383056308,1.252058900795804,78.68852459016394,33.792960999379886
lgbm_conformal,papa_criolla,cucuta_cenabastos,2,61,470.12576663760404,643.8264616312416,15.327522212231745,1.4011819869866098,81.9672131147541,48.27496778269105
lgbm_conformal,papa_criolla,cucuta_cenabastos,3,61,569.1381897225907,735.6526183137294,17.743002522475727,1.698732138502066,77.04918032786885,56.49859143081275
lgbm_conformal,papa_criolla,cucuta_cenabastos,4,61,715.2041567371805,996.9019089488395,22.198404817986148,2.1476895323360776,70.49180327868852,66.14571432326106
lgbm_conformal,papa_criolla,medellin_central_mayorista,1,61,333.0325127810445,451.7355838622051,11.459427637977905,1.032117843440519,78.68852459016394,32.75365839318397
lgbm_conformal,papa_criolla,medellin_central_mayorista,2,61,350.07356930258254,480.54481574449187,11.62186248050389,1.0770142331038546,85.24590163934425,46.423066911873455
lgbm_conformal,papa_criolla,medellin_central_mayorista,3,61,570.0152816121318,687.9072519767632,19.101461471275506,1.770955486997551,75.40983606557377,57.283916153315175
lgbm_conformal,papa_criolla,medellin_central_mayorista,4,61,597.9559501218333,706.98653448222,20.11825343653553,1.8515527097813451,80.32786885245902,66.1030435115287
lgbm_conformal,papa_negra,bogota_corabastos,1,61,156.58737455980545,208.38356864211502,8.26519990764559,1.39038714505356,86.88524590163934,33.35824197242431
lgbm_conformal,papa_negra,bogota_corabastos,2,61,217.58740521665462,280.0191169440462,11.008405639888698,1.956004934245802,90.1639344262295,47.48396443620777
lgbm_conformal,papa_negra,bogota_corabastos,3,61,280.9171564058474,356.71028797087314,14.386100425158793,2.5300255010567345,88.52459016393442,57.302033961608444
lgbm_conformal,papa_negra,bogota_corabastos,4,61,346.70602985953155,452.67194921488976,17.227576743956583,3.088981885081255,86.88524590163934,66.58013206181657
lgbm_conformal,papa_negra,bucaramanga_centroabastos,1,61,162.3822493823679,255.202460159233,8.915290150499988,1.2105482620523529,83.60655737704919,33.37497475107484
lgbm_conformal,papa_negra,bucaramanga_centroabastos,2,61,223.40861830931675,297.05089459895447,12.213611571204915,1.6849244651987876,88.52459016393442,48.13259377889545
lgbm_conformal,papa_negra,bucaramanga_centroabastos,3,61,318.03129562640765,407.55609451667044,17.39349175075965,2.400601327388198,80.32786885245902,58.67091369804251
lgbm_conformal,papa_negra,bucaramanga_centroabastos,4,61,349.672296031341,440.18554073441095,18.50083588820395,2.631434412014528,80.32786885245902,65.9504640760574
lgbm_conformal,papa_negra,medellin_central_mayorista,1,61,182.88229471339284,276.69952167265285,7.599412984427717,1.290084944664144,93.44262295081968,32.932719699529905
lgbm_conformal,papa_negra,medellin_central_mayorista,2,61,217.70291082691423,271.55881292200866,9.464352938675983,1.5349769015728187,96.72131147540983,46.35797353237965
lgbm_conformal,papa_negra,medellin_central_mayorista,3,61,263.9434672736457,354.12752211846555,11.212367911690595,1.8720769384045817,93.44262295081968,55.98242349687326
lgbm_conformal,papa_negra,medellin_central_mayorista,4,61,293.7833811554571,396.9431117118604,12.448263141851248,2.069823980426314,95.08196721311475,63.74839815268364
lgbm_conformal,platano_harton_verde,bogota_corabastos,1,61,202.77466232092212,270.0041688948028,6.516644441901115,1.2533883207697738,95.08196721311475,32.79518570240674
lgbm_conformal,platano_harton_verde,bogota_corabastos,2,61,315.5360380848191,402.23415673426507,9.99580292274838,1.9528995376159872,91.80327868852459,46.22249515423364
lgbm_conformal,platano_harton_verde,bogota_corabastos,3,61,377.7588490314279,458.5598882737229,12.553547544913576,2.3212489109320034,95.08196721311475,55.493268488244816
lgbm_conformal,platano_harton_verde,bogota_corabastos,4,61,409.75460653990825,498.3270840284696,13.645197593420507,2.518274683063636,95.08196721311475,63.32532163548335
lgbm_conformal,platano_harton_verde,bucaramanga_centroabastos,1,61,184.19967355828987,276.1865337096905,5.243547991688407,1.4371245951797433,96.72131147540983,33.161084521673146
lgbm_conformal,platano_harton_verde,bucaramanga_centroabastos,2,61,289.62765768791724,359.0857568705549,8.654586477038839,2.2658101814697824,98.36065573770492,45.39893392982985
lgbm_conformal,platano_harton_verde,bucaramanga_centroabastos,3,61,388.53568526925176,488.64564197610844,11.35723987040195,3.062579360008277,95.08196721311475,54.699053495638985
lgbm_conformal,platano_harton_verde,bucaramanga_centroabastos,4,61,424.5387843262814,515.6424136782123,12.544342223326051,3.3417958178637264,98.36065573770492,61.60592028878903
lgbm_conformal,platano_harton_verde,cucuta_cenabastos,1,61,201.85243467856165,315.67317216513584,6.300868614288678,1.167051669752596,88.52459016393442,33.10832112594125
lgbm_conformal,platano_harton_verde,cucuta_cenabastos,2,61,283.34217244450457,379.95956554312573,8.84449090492493,1.6404839793176,93.44262295081968,45.97545661307581
lgbm_conformal,platano_harton_verde,cucuta_cenabastos,3,61,369.940110086969,436.8203235573764,11.54557505443867,2.1509117914391793,100.0,54.52609237233952
lgbm_conformal,platano_harton_verde,cucuta_cenabastos,4,61,430.8597744538793,542.9231816580123,13.570515176440837,2.485844483616078,95.08196721311475,61.81403959637218
lgbm_conformal,platano_harton_verde,medellin_central_mayorista,1,61,122.46831167033585,186.41574316280762,5.376613370860319,1.4599194373279685,93.44262295081968,33.26983930762175
lgbm_conformal,platano_harton_verde,medellin_central_mayorista,2,61,179.4303549896539,250.5793600301079,8.011036608909292,2.1768876089837113,96.72131147540983,47.01065690628768
lgbm_conformal,platano_harton_verde,medellin_central_mayorista,3,61,225.56160209842415,298.9240719391026,10.240504931190305,2.6958582983327135,95.08196721311475,57.14416828036876
lgbm_conformal,platano_harton_verde,medellin_central_mayorista,4,61,270.3613287813899,373.2430159496813,11.79586633158644,3.243597672352689,93.44262295081968,65.67211723540008
lgbm_conformal,tomate,bogota_corabastos,1,61,434.05927368333374,546.1034638345699,13.98506673998938,1.2964755941621189,65.57377049180327,33.02776275849422
lgbm_conformal,tomate,bogota_corabastos,2,61,622.1327769215688,791.8235955847647,20.702315136829494,1.8909593889763348,57.377049180327866,47.384066346362474
lgbm_conformal,tomate,bogota_corabastos,3,61,672.1784721612182,872.7448708406156,21.671857606493777,2.017618000917331,67.21311475409836,54.46512551506262
lgbm_conformal,tomate,bogota_corabastos,4,61,710.7339691485386,902.474503716812,22.614965163940635,2.1384694819915344,68.85245901639344,60.817004990729984
lgbm_conformal,tomate,bucaramanga_centroabastos,1,61,452.4797710879268,613.6198022345438,16.586032616042402,1.1567557357726066,62.295081967213115,34.14485040271808
lgbm_conformal,tomate,bucaramanga_centroabastos,2,61,648.0841287018009,859.2452991780326,23.680370387975874,1.6889456423307196,54.09836065573771,47.50716900046066
lgbm_conformal,tomate,bucaramanga_centroabastos,3,61,695.3894944781198,962.7511797551035,24.176763529381688,1.8225130473425646,65.57377049180327,54.22735687316942
lgbm_conformal,tomate,bucaramanga_centroabastos,4,61,810.8441801855383,998.2304840927211,28.418879133284534,2.113304674731636,60.65573770491803,61.13361514168687
lgbm_conformal,tomate,cucuta_cenabastos,1,61,452.10095414868533,566.0460949236598,16.93814531524047,1.2505137025291044,57.377049180327866,34.30931147227131
lgbm_conformal,tomate,cucuta_cenabastos,2,61,533.0369116095677,716.3844338991096,20.280678542933696,1.4614539200674255,65.57377049180327,49.85536682441168
lgbm_conformal,tomate,cucuta_cenabastos,3,61,649.8458499618449,891.2314632122577,23.07354451832726,1.7891702622730057,65.57377049180327,55.571960034739675
lgbm_conformal,tomate,cucuta_cenabastos,4,61,697.8447091982144,907.9674531684474,23.82674912715767,1.9217448035513938,65.57377049180327,60.735707448833864
lgbm_conformal,tomate,medellin_central_mayorista,1,61,530.0605532263987,714.3675508751431,18.245928206523352,1.084007782467455,59.01639344262295,33.30022452600657
lgbm_conformal,tomate,medellin_central_mayorista,2,61,753.953398331034,1009.2865500647531,25.802411488148895,1.5645013316168297,50.81967213114754,48.600682291716524
lgbm_conformal,tomate,medellin_central_mayorista,3,61,885.9756661854141,1129.3085853030927,29.34111637334048,1.839496444939531,55.73770491803278,54.689703352943006
lgbm_conformal,tomate,medellin_central_mayorista,4,61,921.7985770136315,1129.945158793997,30.733347406298606,1.9193766026928705,52.459016393442624,60.879106061884706
lgbm_conformal,yuca,bogota_corabastos,1,61,219.4207066365012,366.2208722994335,7.8262922869731275,1.7687546990804994,90.1639344262295,32.40714724111858
lgbm_conformal,yuca,bogota_corabastos,2,61,282.34743576327924,390.8647556178182,10.083885957300835,2.330086323410618,91.80327868852459,44.46167724596551
lgbm_conformal,yuca,bogota_corabastos,3,61,340.25053472201233,521.9033832067335,11.627814192014325,2.831345730421945,88.52459016393442,53.132188757586654
lgbm_conformal,yuca,bogota_corabastos,4,61,359.62486958168046,521.0374826143245,12.82180280208078,2.993173398292533,91.80327868852459,61.016734374729054
lgbm_conformal,yuca,bucaramanga_centroabastos,1,61,165.40670845118922,291.5090111098954,6.866048483119434,1.2905178027805426,90.1639344262295,33.41865200650195
lgbm_conformal,yuca,bucaramanga_centroabastos,2,61,220.14823902190815,312.87748017875816,9.920138584892467,1.6548356881682198,85.24590163934425,46.850990822706066
lgbm_conformal,yuca,bucaramanga_centroabastos,3,61,328.6695396150868,445.14034280800706,14.320393112726945,2.4969483647055988,88.52459016393442,54.41035909167585
lgbm_conformal,yuca,bucaramanga_centroabastos,4,61,366.4148213140514,514.2441324225272,16.077333892548143,2.8484421277701175,88.52459016393442,61.587567587166056
lgbm_conformal,yuca,cucuta_cenabastos,1,61,102.7830628157595,149.6570193361692,4.213334309462334,0.9186258630671328,98.36065573770492,32.69022650421829
lgbm_conformal,yuca,cucuta_cenabastos,2,61,168.12840068679446,255.56357240467463,6.76391027867562,1.5009734480236676,96.72131147540983,45.119233019743035
lgbm_conformal,yuca,cucuta_cenabastos,3,61,250.78219161409692,392.8248750594831,10.026220133175189,2.2391639406561286,91.80327868852459,53.87462438476637
lgbm_conformal,yuca,cucuta_cenabastos,4,61,266.47554901397706,386.54478737585777,10.692340028011046,2.383088749823594,96.72131147540983,61.468968919198645
lgbm_conformal,yuca,medellin_central_mayorista,1,61,105.61825102495285,142.25469651668348,4.472076121087854,1.419345687804283,100.0,33.08884597115973
lgbm_conformal,yuca,medellin_central_mayorista,2,61,176.85364048397253,258.38160267261725,7.40591065008767,2.3888117062075964,95.08196721311475,45.82615537577131
lgbm_conformal,yuca,medellin_central_mayorista,3,61,253.09634340288451,351.055681441302,10.818599068366145,3.4070131984668914,93.44262295081968,54.2386081188419
lgbm_conformal,yuca,medellin_central_mayorista,4,61,279.06298667323927,370.24281627083434,12.018730127854381,3.741594589293164,91.80327868852459,62.235162032496774
lgbm_conformal,zanahoria,bogota_corabastos,1,61,265.7482305951494,349.81912646991987,10.913764899640016,1.1862761859665483,77.04918032786885,32.663065619262014
lgbm_conformal,zanahoria,bogota_corabastos,2,61,298.2670913146929,385.0020255587339,12.330173074252105,1.3437215076166278,81.9672131147541,46.42237559260857
lgbm_conformal,zanahoria,bogota_corabastos,3,61,339.1293741012388,458.8209433424621,13.94997880594327,1.5170386503406459,86.88524590163934,56.1502243299151
lgbm_conformal,zanahoria,bogota_corabastos,4,61,362.4836646172956,485.2853077759078,15.287445764252046,1.6072625651297496,85.24590163934425,64.11230414919635
lgbm_conformal,zanahoria,bucaramanga_centroabastos,1,61,215.9060921382337,395.40986708002856,10.424371206795454,1.179566848493773,81.9672131147541,33.66777766537321
lgbm_conformal,zanahoria,bucaramanga_centroabastos,2,61,287.73361883129553,401.48253508816384,14.784720874829322,1.5612041140142772,78.68852459016394,47.740790064131986
lgbm_conformal,zanahoria,bucaramanga_centroabastos,3,61,299.4559170178834,419.37907565538853,15.984485884016847,1.6308272169707274,85.24590163934425,57.71403499116682
lgbm_conformal,zanahoria,bucaramanga_centroabastos,4,61,363.9646611542655,474.7048345883702,19.277835704099815,1.9763259250534686,81.9672131147541,66.34477999779872
lgbm_conformal,zanahoria,cucuta_cenabastos,1,61,255.37468788310034,532.8096950304338,12.537758493167475,1.4533588659337755,73.77049180327869,33.599630083748316
lgbm_conformal,zanahoria,cucuta_cenabastos,2,61,299.5331761730817,408.7150211975224,15.80732348675836,1.6916156674672078,77.04918032786885,48.34501562626931
lgbm_conformal,zanahoria,cucuta_cenabastos,3,61,340.7936768771558,444.930906906806,18.62335720115894,1.959280503934462,68.85245901639344,57.34106163163474
lgbm_conformal,zanahoria,cucuta_cenabastos,4,61,375.48379814117123,478.80409906180506,20.71760279571281,2.1645704274385915,72.1311475409836,65.7635214716717
lgbm_conformal,zanahoria,medellin_central_mayorista,1,61,165.0544025927688,219.55786343862252,14.091546426037239,1.216263946689555,67.21311475409836,34.39451391508391
lgbm_conformal,zanahoria,medellin_central_mayorista,2,61,192.71920374688247,249.07130438805646,16.139085676183907,1.4224401932144848,73.77049180327869,47.380778893024576
lgbm_conformal,zanahoria,medellin_central_mayorista,3,61,230.57252073417774,298.751750261812,19.999729335228896,1.6969795006387667,73.77049180327869,60.930257814635056
lgbm_conformal,zanahoria,medellin_central_mayorista,4,61,279.08741892404197,335.38770405631936,23.33476848023588,2.061567091128733,73.77049180327869,68.79678763258333
lgbm_cuantil,cebolla_cabezona_blanca,bogota_corabastos,1,61,206.25751828558217,297.1806277472573,10.204517854156846,0.9750828368201265,70.49180327868852,30.921006561377894
lgbm_cuantil,cebolla_cabezona_blanca,bogota_corabastos,2,61,296.0749547915754,401.69085232894247,14.91672109889505,1.3881292830166518,72.1311475409836,43.05232853942131
lgbm_cuantil,cebolla_cabezona_blanca,bogota_corabastos,3,61,439.6429443636059,575.2398238934107,21.098834092627406,2.078757238561022,62.295081967213115,49.14732399212708
lgbm_cuantil,cebolla_cabezona_blanca,bogota_corabastos,4,61,536.4988973389491,678.216563654952,26.698693026642413,2.522514123051596,47.540983606557376,54.57680598413247
lgbm_cuantil,cebolla_cabezona_blanca,bucaramanga_centroabastos,1,61,205.29142780392965,340.58673252000114,9.553558717295065,1.0646135176010547,75.40983606557377,28.317397892413883
lgbm_cuantil,cebolla_cabezona_blanca,bucaramanga_centroabastos,2,61,287.4147488200036,423.54117303017915,13.74341670311567,1.4741474203762435,80.32786885245902,41.239745271707704
lgbm_cuantil,cebolla_cabezona_blanca,bucaramanga_centroabastos,3,61,438.6363803514923,617.9139218307458,20.431561180309508,2.267416148081075,63.934426229508205,50.99365527552736
lgbm_cuantil,cebolla_cabezona_blanca,bucaramanga_centroabastos,4,61,530.8543919288148,678.3192743012808,25.42783326301002,2.7559122334869284,54.09836065573771,55.81517965724356
lgbm_cuantil,cebolla_cabezona_blanca,cucuta_cenabastos,1,61,179.73996627740968,273.33206317062763,8.809985003154534,0.8890811722886672,75.40983606557377,27.58263922255489
lgbm_cuantil,cebolla_cabezona_blanca,cucuta_cenabastos,2,61,303.14417979060585,437.231271318336,14.21003900765794,1.4901494291329895,72.1311475409836,40.70333369413954
lgbm_cuantil,cebolla_cabezona_blanca,cucuta_cenabastos,3,61,435.52053046322646,615.8583707670085,19.227906640160217,2.170966908324861,60.65573770491803,48.32533774457718
lgbm_cuantil,cebolla_cabezona_blanca,cucuta_cenabastos,4,61,540.3557110112409,696.6021366734459,24.498509190773415,2.6906930419224966,54.09836065573771,53.87534226081223
lgbm_cuantil,cebolla_cabezona_blanca,medellin_central_mayorista,1,61,285.61066140110756,420.3092410246874,12.145060366205358,1.1661964048487838,67.21311475409836,28.25270626776878
lgbm_cuantil,cebolla_cabezona_blanca,medellin_central_mayorista,2,61,333.445898649355,458.63937964905296,14.645594788556632,1.3463372468484522,73.77049180327869,41.85572829900078
lgbm_cuantil,cebolla_cabezona_blanca,medellin_central_mayorista,3,61,482.03516685107496,640.0227407074265,20.401739957488203,1.954589244115428,63.934426229508205,48.88655813796737
lgbm_cuantil,cebolla_cabezona_blanca,medellin_central_mayorista,4,61,592.6444166225771,764.6570651341113,25.23742227133539,2.399618856177808,55.73770491803278,53.29168388952088
lgbm_cuantil,mango_tommy,bogota_corabastos,1,52,348.10746665269085,450.2740048210198,7.258783696146779,0.7372994824012254,86.53846153846155,29.33286511165659
lgbm_cuantil,mango_tommy,bogota_corabastos,2,54,672.2971422400906,864.0533335282391,14.322319813641831,1.4391186598748296,66.66666666666666,42.56305510472838
lgbm_cuantil,mango_tommy,bogota_corabastos,3,53,826.1070518925422,1102.7853476799582,17.629614066368088,1.7778099923733397,67.9245283018868,52.1857709244672
lgbm_cuantil,mango_tommy,bogota_corabastos,4,52,951.9955910671013,1247.7748387004974,19.172464991468974,2.024684245489134,67.3076923076923,60.584955687426266
lgbm_cuantil,mango_tommy,bucaramanga_centroabastos,1,61,440.1920698374422,621.8287106382224,10.313011417409456,1.0766913012056185,68.85245901639344,27.553471398178075
lgbm_cuantil,mango_tommy,bucaramanga_centroabastos,2,61,661.5247411190219,890.2896062275299,14.849753701413837,1.6708713986062151,75.40983606557377,41.3538458285693
lgbm_cuantil,mango_tommy,bucaramanga_centroabastos,3,61,816.9103758387006,1088.3270761895676,20.029212039702372,2.0297668634674304,65.57377049180327,52.76148897008161
lgbm_cuantil,mango_tommy,bucaramanga_centroabastos,4,61,864.9099082578623,1176.9587199949508,20.445821619782397,2.1350520982982437,68.85245901639344,63.115295761583454
lgbm_cuantil,mango_tommy,medellin_central_mayorista,1,61,380.33125357036573,535.5068716310843,10.401752434255455,0.9055885215611402,78.68852459016394,30.464855204430442
lgbm_cuantil,mango_tommy,medellin_central_mayorista,2,61,631.2921682665004,862.3397414170099,16.35375512021549,1.493244359445884,67.21311475409836,45.51790432124819
lgbm_cuantil,mango_tommy,medellin_central_mayorista,3,61,880.1010237615471,1120.4374309306631,22.934060640942086,2.074286803171696,62.295081967213115,56.17491230375325
lgbm_cuantil,mango_tommy,medellin_central_mayorista,4,61,923.3167404622233,1224.0563418932318,22.72898038790184,2.1721316213789077,65.57377049180327,62.79286475782686
lgbm_cuantil,papa_criolla,bogota_corabastos,1,61,386.3060558453448,506.0073235703988,9.049716566688714,1.30341677087109,72.1311475409836,23.41166919897126
lgbm_cuantil,papa_criolla,bogota_corabastos,2,61,550.9882871864952,773.444404084949,12.232814110168224,1.8661207979530077,75.40983606557377,30.717263624696724
lgbm_cuantil,papa_criolla,bogota_corabastos,3,61,644.2472095665672,856.9416668016086,14.577667040941186,2.187198915602497,70.49180327868852,34.92238065536111
lgbm_cuantil,papa_criolla,bogota_corabastos,4,61,666.5582100759643,898.8920052281793,15.07229402043463,2.2694622989412774,68.85245901639344,37.28058188900038
lgbm_cuantil,papa_criolla,bucaramanga_centroabastos,1,60,413.0568596081136,592.1058098498204,12.849717837720458,1.278361134330093,68.33333333333333,30.85000535328499
lgbm_cuantil,papa_criolla,bucaramanga_centroabastos,2,61,490.103583071663,605.1933018597158,14.971653788926462,1.5425228341526438,73.77049180327869,38.572107484222926
lgbm_cuantil,papa_criolla,bucaramanga_centroabastos,3,61,589.8438566323325,779.1419271091868,17.929387901050788,1.8339000850667844,68.85245901639344,44.4767646417785
lgbm_cuantil,papa_criolla,bucaramanga_centroabastos,4,61,605.9066396479758,786.8809785650903,18.94711296889094,1.8842230176710844,59.01639344262295,47.79796634886653
lgbm_cuantil,papa_criolla,cucuta_cenabastos,1,61,413.1728267711427,724.207598502785,12.842355959456258,1.2372753006006003,75.40983606557377,33.102257413206424
lgbm_cuantil,papa_criolla,cucuta_cenabastos,2,61,442.6658956688658,610.0892847449002,14.551931736178808,1.3240936853652217,72.1311475409836,41.021331090100766
lgbm_cuantil,papa_criolla,cucuta_cenabastos,3,61,563.1007923933535,725.9053955448302,17.506400894642482,1.680565367228226,63.934426229508205,45.307338148941554
lgbm_cuantil,papa_criolla,cucuta_cenabastos,4,61,690.6489294401982,975.8563822799917,21.33867632074758,2.075569037834955,63.934426229508205,47.92342508199531
lgbm_cuantil,papa_criolla,medellin_central_mayorista,1,61,329.2438191793304,453.2482370647053,11.380752004936,1.0229370028055496,77.04918032786885,32.19794659800584
lgbm_cuantil,papa_criolla,medellin_central_mayorista,2,61,333.40121397551195,467.4839501473356,11.088349904270176,1.0265629151925129,78.68852459016394,38.82661869555752
lgbm_cuantil,papa_criolla,medellin_central_mayorista,3,61,547.6091084510534,664.5188862292493,18.281284619242605,1.6983593600523936,67.21311475409836,45.47707760834345
lgbm_cuantil,papa_criolla,medellin_central_mayorista,4,61,549.3168829922611,647.5109354342114,18.701326336855274,1.699162198541865,75.40983606557377,48.114005407148554
lgbm_cuantil,papa_negra,bogota_corabastos,1,61,150.3296887409626,201.045986311103,8.027389479416593,1.3231928486152562,70.49180327868852,18.177359786967482
lgbm_cuantil,papa_negra,bogota_corabastos,2,61,199.46129023960552,257.19689812462855,10.320920722485369,1.7738707943722154,63.934426229508205,25.481290680678466
lgbm_cuantil,papa_negra,bogota_corabastos,3,61,269.0491796269032,332.0060274972335,14.198696417536677,2.393776361257737,60.65573770491803,32.485340169255565
lgbm_cuantil,papa_negra,bogota_corabastos,4,61,335.24090719679896,433.3120705064973,16.911905192688018,2.976986747893716,55.73770491803278,38.103265909683195
lgbm_cuantil,papa_negra,bucaramanga_centroabastos,1,61,154.34623308818576,253.04986186653392,8.489400865779633,1.1475750337991473,67.21311475409836,20.01221808647719
lgbm_cuantil,papa_negra,bucaramanga_centroabastos,2,61,201.83459655514673,265.8457900615828,11.30648411710045,1.512668708157531,65.57377049180327,27.993592805664647
lgbm_cuantil,papa_negra,bucaramanga_centroabastos,3,61,293.1757464652209,366.06411688036997,16.403175121972893,2.196983575302303,62.295081967213115,36.637801137517954
lgbm_cuantil,papa_negra,bucaramanga_centroabastos,4,61,331.83795872694594,410.48463208262234,18.033750349918996,2.4883236844138494,57.377049180327866,40.9510207191156
lgbm_cuantil,papa_negra,medellin_central_mayorista,1,61,170.31175282326237,266.88445626567386,7.176739716707135,1.1963571664065613,70.49180327868852,17.654610513096593
lgbm_cuantil,papa_negra,medellin_central_mayorista,2,61,198.91737529224858,261.2851164269378,8.826137011083246,1.3897362873768757,70.49180327868852,24.86873169765876
lgbm_cuantil,papa_negra,medellin_central_mayorista,3,61,254.93531706151077,340.1089954486398,11.045849347764417,1.797326275424856,72.1311475409836,32.056693251373986
lgbm_cuantil,papa_negra,medellin_central_mayorista,4,61,283.9569730381996,389.21157211403494,12.152389061572146,1.998309029984985,75.40983606557377,36.29870519723938
lgbm_cuantil,platano_harton_verde,bogota_corabastos,1,61,190.52365285111705,265.5809923258516,6.181803543161347,1.1771129073503221,72.1311475409836,15.760854225894017
lgbm_cuantil,platano_harton_verde,bogota_corabastos,2,61,285.5199111112698,364.34957927632774,9.020256257502513,1.7647508926859898,57.377049180327866,21.436701445883475
lgbm_cuantil,platano_harton_verde,bogota_corabastos,3,61,341.72895706832065,424.6244403544207,11.196681945893495,2.1023682048851975,62.295081967213115,26.722546116200174
lgbm_cuantil,platano_harton_verde,bogota_corabastos,4,61,392.18502533224523,496.72692326685393,12.924902425735652,2.4116568416693527,63.934426229508205,30.95584672540198
lgbm_cuantil,platano_harton_verde,bucaramanga_centroabastos,1,61,163.27611875235192,268.9338032037409,4.533862703304687,1.2672178683108473,77.04918032786885,12.76684736423184
lgbm_cuantil,platano_harton_verde,bucaramanga_centroabastos,2,61,264.81411023133376,336.7166276766541,7.90366949992586,2.060581681822905,67.21311475409836,19.40021370791254
lgbm_cuantil,platano_harton_verde,bucaramanga_centroabastos,3,61,340.04377824294863,425.5293432668706,9.87624749245757,2.656631097004104,62.295081967213115,25.042959587316144
lgbm_cuantil,platano_harton_verde,bucaramanga_centroabastos,4,61,369.89391504358014,448.72853035203985,10.784458654732443,2.901671328464495,70.49180327868852,29.634984266954824
lgbm_cuantil,platano_harton_verde,cucuta_cenabastos,1,61,210.96202521159307,317.2243378533282,6.566403818113101,1.2206210737962675,78.68852459016394,17.59466840360233
lgbm_cuantil,platano_harton_verde,cucuta_cenabastos,2,61,274.8565414429614,383.14514956731074,8.540096779215252,1.5845871733360553,73.77049180327869,22.23591612105129
lgbm_cuantil,platano_harton_verde,cucuta_cenabastos,3,61,333.62418153443195,412.1112884605334,10.154579707087711,1.9198558637843637,68.85245901639344,27.470015484835404
lgbm_cuantil,platano_harton_verde,cucuta_cenabastos,4,61,393.43488474222767,479.02800462089704,12.440018273325936,2.266145021532423,67.21311475409836,31.341068247705735
lgbm_cuantil,platano_harton_verde,medellin_central_mayorista,1,61,120.71308828868203,185.9621007193306,5.37155332397085,1.445003765604057,78.68852459016394,15.417600510019142
lgbm_cuantil,platano_harton_verde,medellin_central_mayorista,2,61,176.64580937077685,249.8154757272352,7.845959093346622,2.121428612940677,75.40983606557377,21.265603880194696
lgbm_cuantil,platano_harton_verde,medellin_central_mayorista,3,61,208.77257459070108,276.0232864102294,9.362256590251775,2.485699953677669,68.85245901639344,26.419678712106638
lgbm_cuantil,platano_harton_verde,medellin_central_mayorista,4,61,248.97822855222893,355.1907374718092,10.751173429220632,2.965648708127407,68.85245901639344,29.825211514722845
lgbm_cuantil,tomate,bogota_corabastos,1,61,415.55622791658095,537.6097800876014,13.30098472206994,1.237449137631913,78.68852459016394,38.988804709552596
lgbm_cuantil,tomate,bogota_corabastos,2,61,609.8168002812109,796.7625274381005,20.116246984355556,1.8550126783450962,67.21311475409836,54.262691283655215
lgbm_cuantil,tomate,bogota_corabastos,3,61,686.7531631527895,874.3034522369651,22.143270467318526,2.0694252101254382,67.21311475409836,58.70745556668402
lgbm_cuantil,tomate,bogota_corabastos,4,61,697.670628101753,892.089846021522,22.223583182755622,2.0909650387431,62.295081967213115,57.67470002914702
lgbm_cuantil,tomate,bucaramanga_centroabastos,1,61,428.3526606580126,595.2961043066183,15.809985373811386,1.0869574907677928,67.21311475409836,45.00834828788951
lgbm_cuantil,tomate,bucaramanga_centroabastos,2,61,633.0923068343787,837.3172984869691,22.816967041267134,1.6388055349755897,63.934426229508205,59.406903566485056
lgbm_cuantil,tomate,bucaramanga_centroabastos,3,61,699.3734257137403,954.6630553463302,24.044608245408135,1.8272886774482942,68.85245901639344,65.03406361982968
lgbm_cuantil,tomate,bucaramanga_centroabastos,4,61,819.8772528223645,998.078511584053,28.637807108566705,2.1314557809632326,62.295081967213115,63.63231168592507
lgbm_cuantil,tomate,cucuta_cenabastos,1,61,428.17879437091614,543.770119331793,16.320824060539156,1.1840359467298545,72.1311475409836,42.632502852905404
lgbm_cuantil,tomate,cucuta_cenabastos,2,61,540.249129862935,708.2152376916899,20.66080327343811,1.4816150720446346,72.1311475409836,58.9263838321117
lgbm_cuantil,tomate,cucuta_cenabastos,3,61,646.4286113769728,898.4809257756134,22.80385676770381,1.7784840712519405,70.49180327868852,62.59780863608601
lgbm_cuantil,tomate,cucuta_cenabastos,4,61,702.4297578555875,895.2803383638962,24.08512902589828,1.932765414648613,59.01639344262295,60.61555878796905
lgbm_cuantil,tomate,medellin_central_mayorista,1,61,550.0328139057721,722.2537664107906,18.909763433534618,1.1250826062935189,72.1311475409836,47.02618842275496
lgbm_cuantil,tomate,medellin_central_mayorista,2,61,772.4884636907414,1009.111657683115,26.20267418211824,1.6023283024071144,65.57377049180327,61.11412137728526
lgbm_cuantil,tomate,medellin_central_mayorista,3,61,885.0940424006019,1123.783986383176,29.57692135681238,1.8359395766577855,60.65573770491803,65.82017940719824
lgbm_cuantil,tomate,medellin_central_mayorista,4,61,918.721769961133,1120.8369884770848,30.60280095201019,1.9060540098698322,59.01639344262295,65.830953431043
lgbm_cuantil,yuca,bogota_corabastos,1,61,191.0126070597795,333.91077329931005,6.960361240169924,1.5038321237753571,77.04918032786885,16.372076919175388
lgbm_cuantil,yuca,bogota_corabastos,2,61,209.6326799953468,292.2923120204164,7.718367600799077,1.6415595817787436,70.49180327868852,20.160422411820708
lgbm_cuantil,yuca,bogota_corabastos,3,61,266.71499376584217,396.5328222412359,9.071665460981237,2.129347340780044,80.32786885245902,24.735830901452104
lgbm_cuantil,yuca,bogota_corabastos,4,61,283.0132910716333,395.42448730574097,10.034057266994363,2.284073821785535,70.49180327868852,26.657802163242888
lgbm_cuantil,yuca,bucaramanga_centroabastos,1,61,153.8097000017063,278.7533358931127,6.350603021515424,1.1953078624770757,73.77049180327869,16.269571385808746
lgbm_cuantil,yuca,bucaramanga_centroabastos,2,61,199.6282664587747,286.67405368044075,8.941866222057797,1.474025751242215,70.49180327868852,23.05750287551571
lgbm_cuantil,yuca,bucaramanga_centroabastos,3,61,271.56969474178294,361.75439955164836,11.701838152746781,2.0525602004478167,63.934426229508205,26.883718265284024
lgbm_cuantil,yuca,bucaramanga_centroabastos,4,61,310.21138871181427,432.09577382417325,13.71832256096022,2.433830550952263,63.934426229508205,29.59680307090319
lgbm_cuantil,yuca,cucuta_cenabastos,1,61,75.62934425043309,109.16691773762778,3.198211251258607,0.6807218651117657,86.88524590163934,13.652255705691491
lgbm_cuantil,yuca,cucuta_cenabastos,2,61,113.39578796562473,151.59239372502302,4.696984696355173,1.0220137195428474,86.88524590163934,18.781329287502665
lgbm_cuantil,yuca,cucuta_cenabastos,3,61,150.9299144531554,207.97081975290558,6.122122641637224,1.3635300157553536,85.24590163934425,22.219545633861955
lgbm_cuantil,yuca,cucuta_cenabastos,4,61,175.87499437621096,232.7810041470193,7.268911479346171,1.586823780816581,86.88524590163934,24.18356483901104
lgbm_cuantil,yuca,medellin_central_mayorista,1,61,84.00962923266698,120.79385753381466,3.6787874492996115,1.140610521793696,75.40983606557377,11.343028956325712
lgbm_cuantil,yuca,medellin_central_mayorista,2,61,131.449959349361,195.01162183008503,5.559078557051076,1.7891800624665957,75.40983606557377,18.385482898074677
lgbm_cuantil,yuca,medellin_central_mayorista,3,61,182.61190799902315,241.65875244759204,7.904822863788728,2.469323684745099,72.1311475409836,22.26914322630316
lgbm_cuantil,yuca,medellin_central_mayorista,4,61,219.49470657365464,291.9654003648483,9.530765733300754,2.9574589951887558,70.49180327868852,25.43736587843533
lgbm_cuantil,zanahoria,bogota_corabastos,1,61,257.4189466607628,340.97638933980545,10.542685398743616,1.148194217122488,77.04918032786885,31.760055171523362
lgbm_cuantil,zanahoria,bogota_corabastos,2,61,289.43453879600753,369.9533831688898,12.071367417919722,1.3108218816555774,77.04918032786885,37.82604469600029
lgbm_cuantil,zanahoria,bogota_corabastos,3,61,339.1339882613478,455.1278443840293,13.833209375629213,1.521753858838049,80.32786885245902,43.49607286704563
lgbm_cuantil,zanahoria,bogota_corabastos,4,61,402.262713191719,517.6073095258404,17.143805011511496,1.7879926933098973,70.49180327868852,47.1829485359767
lgbm_cuantil,zanahoria,bucaramanga_centroabastos,1,61,214.31744778443857,400.58933356803647,10.214799670346093,1.1717240110635982,75.40983606557377,27.865545364373773
lgbm_cuantil,zanahoria,bucaramanga_centroabastos,2,61,295.6717264017011,416.28410564663267,15.194095033689978,1.6037270928833451,67.21311475409836,37.40500009938168
lgbm_cuantil,zanahoria,bucaramanga_centroabastos,3,61,307.7092687481634,434.2690119056573,16.345782782662482,1.6744360695743505,77.04918032786885,45.34071400007318
lgbm_cuantil,zanahoria,bucaramanga_centroabastos,4,61,378.05520326709586,506.5852931150699,19.756717953496885,2.053269738730143,70.49180327868852,49.02407810355729
lgbm_cuantil,zanahoria,cucuta_cenabastos,1,61,255.75086793695377,533.5454696322802,12.524917894360616,1.4570292746806919,70.49180327868852,31.168970116699533
lgbm_cuantil,zanahoria,cucuta_cenabastos,2,61,301.4352645133149,410.4375778359452,15.94561488945776,1.7105649804570744,65.57377049180327,40.92155465761396
lgbm_cuantil,zanahoria,cucuta_cenabastos,3,61,334.7839395907575,439.6552426341844,18.291583210978267,1.9312759699394684,63.934426229508205,46.35414944863723
lgbm_cuantil,zanahoria,cucuta_cenabastos,4,61,388.2014494881346,501.8138053249053,21.32028628434048,2.24862222902121,62.295081967213115,50.796174607513855
lgbm_cuantil,zanahoria,medellin_central_mayorista,1,61,163.25440150444518,214.7724795714237,13.877984319264183,1.201707622794401,72.1311475409836,38.017786806522786
lgbm_cuantil,zanahoria,medellin_central_mayorista,2,61,197.11251997783376,255.57155056298217,16.513914463368543,1.4604268898181332,65.57377049180327,45.66360632643461
lgbm_cuantil,zanahoria,medellin_central_mayorista,3,61,239.34997115980508,305.8607337962966,20.39730199316841,1.7590075388341704,67.21311475409836,55.747748957778064
lgbm_cuantil,zanahoria,medellin_central_mayorista,4,61,283.4508146825177,349.26664177912147,23.80775884573859,2.0958815350065634,63.934426229508205,58.581099800168765
naive,cebolla_cabezona_blanca,bogota_corabastos,1,61,205.29508196721312,313.36532652616893,9.985218844753875,0.9709375085531783,,
naive,cebolla_cabezona_blanca,bogota_corabastos,2,61,275.5983606557377,377.65934103216944,14.585815213265457,1.2981716389923947,,
naive,cebolla_cabezona_blanca,bogota_corabastos,3,61,422.88524590163934,537.1808850645083,21.366962263678644,2.0053653937683205,,
naive,cebolla_cabezona_blanca,bogota_corabastos,4,61,479.9344262295082,641.4147912437236,24.119312481806613,2.258581308096814,,
naive,cebolla_cabezona_blanca,bucaramanga_centroabastos,1,61,206.0327868852459,349.39320937032875,9.541837325336923,1.0684990436679311,,
naive,cebolla_cabezona_blanca,bucaramanga_centroabastos,2,61,279.3606557377049,416.55659092447803,13.406398051540297,1.4404544192507498,,
naive,cebolla_cabezona_blanca,bucaramanga_centroabastos,3,61,418.45081967213116,583.6705750369248,19.743480884796643,2.1680869721815483,,
naive,cebolla_cabezona_blanca,bucaramanga_centroabastos,4,61,483.9918032786885,668.8934126906795,23.344612585173426,2.51234402301675,,
naive,cebolla_cabezona_blanca,cucuta_cenabastos,1,61,182.74590163934425,263.6758830675938,9.055317185371567,0.9063847762202086,,
naive,cebolla_cabezona_blanca,cucuta_cenabastos,2,61,280.0163934426229,387.17205054253526,13.693547968878464,1.3820347954770142,,
naive,cebolla_cabezona_blanca,cucuta_cenabastos,3,61,401.827868852459,571.1278351633377,18.356321687456266,2.0039110792419406,,
naive,cebolla_cabezona_blanca,cucuta_cenabastos,4,61,536.3934426229508,702.8667119405345,24.75375256686369,2.672147768329218,,
naive,cebolla_cabezona_blanca,medellin_central_mayorista,1,61,267.09016393442624,425.3525779559476,11.453166905248334,1.0914249878802942,,
naive,cebolla_cabezona_blanca,medellin_central_mayorista,2,61,321.10655737704917,453.4379735990793,14.345325810191312,1.300440256767461,,
naive,cebolla_cabezona_blanca,medellin_central_mayorista,3,61,470.6803278688525,626.740007407574,20.35570478486064,1.9101618349814757,,
naive,cebolla_cabezona_blanca,medellin_central_mayorista,4,61,545.2049180327868,738.7962157189597,23.427736528494265,2.2144456850236316,,
naive,mango_tommy,bogota_corabastos,1,56,554.7410714285714,703.2997893857214,11.36358780982414,1.1901913077137938,,
naive,mango_tommy,bogota_corabastos,2,57,856.6842105263158,1048.8119134642595,19.446177245270896,1.8413972516363757,,
naive,mango_tommy,bogota_corabastos,3,56,1256.4732142857142,1562.1372336024588,27.89226166742515,2.7008861180530954,,
naive,mango_tommy,bogota_corabastos,4,55,1530.990909090909,2005.7718906377982,31.890413396220573,3.285800348035537,,
naive,mango_tommy,bucaramanga_centroabastos,1,61,539.0573770491803,736.3265407345874,12.672065915945346,1.3269528827097452,,
naive,mango_tommy,bucaramanga_centroabastos,2,61,884.4344262295082,1129.5532683612464,20.37411546432305,2.2106031696426967,,
naive,mango_tommy,bucaramanga_centroabastos,3,61,1212.4180327868853,1549.7164693084674,29.099618662354327,2.9967031359550105,,
naive,mango_tommy,bucaramanga_centroabastos,4,61,1346.7540983606557,1741.750697374133,32.01100412856725,3.324599704767782,,
naive,mango_tommy,medellin_central_mayorista,1,61,418.4344262295082,594.5548996421816,11.438008831766739,0.9931059097755645,,
naive,mango_tommy,medellin_central_mayorista,2,61,744.7540983606557,934.6741038072408,20.61626625344,1.7561838505817384,,
naive,mango_tommy,medellin_central_mayorista,3,61,1070.049180327869,1414.6017281130148,29.2323964913963,2.5157311449331066,,
naive,mango_tommy,medellin_central_mayorista,4,61,1374.0983606557377,1768.1518553581752,33.79768896207479,3.245032441419646,,
naive,papa_criolla,bogota_corabastos,1,61,343.94262295081967,462.1912571617093,8.12132912850259,1.1577286412848535,,
naive,papa_criolla,bogota_corabastos,2,61,521.844262295082,720.9373196419083,11.523708580548867,1.7700471746111934,,
naive,papa_criolla,bogota_corabastos,3,61,572.0819672131148,823.7230057270067,12.854319083033497,1.9457098576297542,,
naive,papa_criolla,bogota_corabastos,4,61,627.8524590163935,879.8051060264222,13.854874029653377,2.133707559827917,,
naive,papa_criolla,bucaramanga_centroabastos,1,60,422.6166666666667,609.3394510998502,13.02361097923756,1.309844131739762,,
naive,papa_criolla,bucaramanga_centroabastos,2,61,526.172131147541,684.525709320922,16.13778589010627,1.6611900778172939,,
naive,papa_criolla,bucaramanga_centroabastos,3,61,616.7704918032787,821.9658911594254,18.723164930703724,1.9268764274298054,,
naive,papa_criolla,bucaramanga_centroabastos,4,61,654.2459016393443,867.2209335232768,20.460850658561473,2.036708724879341,,
naive,papa_criolla,cucuta_cenabastos,1,61,442.6885245901639,848.3309746926318,13.562964825479312,1.3255188204109465,,
naive,papa_criolla,cucuta_cenabastos,2,61,521.0409836065573,831.1378409480209,16.497851524920552,1.5588117437237474,,
naive,papa_criolla,cucuta_cenabastos,3,61,629.4344262295082,907.9188754653301,19.76183759521958,1.8809116679055276,,
naive,papa_criolla,cucuta_cenabastos,4,61,764.7950819672132,1162.1817473762123,23.821835646529742,2.292755570140403,,
naive,papa_criolla,medellin_central_mayorista,1,61,318.37704918032784,453.29497688103027,11.140503821040113,0.9852728506415922,,
naive,papa_criolla,medellin_central_mayorista,2,61,378.72131147540983,499.3891186272271,12.651761266315212,1.1733882140015965,,
naive,papa_criolla,medellin_central_mayorista,3,61,561.2786885245902,696.8471443745399,18.840083570055185,1.7306411682080838,,
naive,papa_criolla,medellin_central_mayorista,4,61,559.672131147541,676.9322919383094,19.128831916055248,1.7400594545026513,,
naive,papa_negra,bogota_corabastos,1,61,144.36065573770492,197.0886045229071,7.868204093582769,1.2738287113261746,,
naive,papa_negra,bogota_corabastos,2,61,209.15573770491804,267.6561517577552,11.3349023834722,1.86387898847687,,
naive,papa_negra,bogota_corabastos,3,61,275.26229508196724,349.72449343944356,14.861944207394117,2.4579303659612415,,
naive,papa_negra,bogota_corabastos,4,61,301.04918032786884,405.5386622226999,15.771041837604852,2.6803852465204403,,
naive,papa_negra,bucaramanga_centroabastos,1,61,152.10655737704917,253.1473603764688,8.472144350260505,1.127410689982185,,
naive,papa_negra,bucaramanga_centroabastos,2,61,218.37704918032787,286.8125994671691,12.40302386282706,1.6271307808017923,,
naive,papa_negra,bucaramanga_centroabastos,3,61,302.8688524590164,399.94968945901263,16.994697952153526,2.261346414566871,,
naive,papa_negra,bucaramanga_centroabastos,4,61,309.04918032786884,407.64120554602476,16.871193324863412,2.3103075750128927,,
naive,papa_negra,medellin_central_mayorista,1,61,171.40983606557376,270.7024711170041,7.318372688388244,1.2050228394249218,,
naive,papa_negra,medellin_central_mayorista,2,61,209.827868852459,284.9537422914492,9.409315297360957,1.477830444337106,,
naive,papa_negra,medellin_central_mayorista,3,61,256.6393442622951,352.3489910236864,11.326197719214159,1.8187073387774966,,
naive,papa_negra,medellin_central_mayorista,4,61,281.6639344262295,382.3467602608491,12.446342721806866,1.9917592925741667,,
naive,platano_harton_verde,bogota_corabastos,1,61,181.54918032786884,262.2215384858796,5.938748297250554,1.121015783889076,,
naive,platano_harton_verde,bogota_corabastos,2,61,298.1311475409836,376.1647158395148,9.554295008586177,1.8373198858604212,,
naive,platano_harton_verde,bogota_corabastos,3,61,353.0245901639344,441.29097589893684,11.663856795343483,2.1673657258158534,,
naive,platano_harton_verde,bogota_corabastos,4,61,402.0327868852459,500.8234530725783,13.294018208051408,2.469651549758872,,
naive,platano_harton_verde,bucaramanga_centroabastos,1,61,155.41803278688525,275.42754395160466,4.278394330915438,1.2027742263344705,,
naive,platano_harton_verde,bucaramanga_centroabastos,2,61,257.78688524590166,356.8538411372732,7.604225361328027,2.0024475357592575,,
naive,platano_harton_verde,bucaramanga_centroabastos,3,61,332.6885245901639,463.41057460500156,9.589321153866651,2.5950108350948704,,
naive,platano_harton_verde,bucaramanga_centroabastos,4,61,372.2950819672131,493.8543705833353,10.93705649968827,2.902471557438977,,
naive,platano_harton_verde,cucuta_cenabastos,1,61,219.80327868852459,327.38128870893235,6.883510420617581,1.2679334751625821,,
naive,platano_harton_verde,cucuta_cenabastos,2,61,286.40983606557376,407.0199072748565,8.73850986858379,1.6466748500458381,,
naive,platano_harton_verde,cucuta_cenabastos,3,61,335.59016393442624,437.5607217814479,10.280727357398755,1.924818414216798,,
naive,platano_harton_verde,cucuta_cenabastos,4,61,366.38524590163934,474.79589661519077,11.39664771420039,2.10350251888869,,
naive,platano_harton_verde,medellin_central_mayorista,1,61,113.6311475409836,177.1436043366428,5.09678134291283,1.359451438933793,,
naive,platano_harton_verde,medellin_central_mayorista,2,61,172.86065573770492,251.4792058672179,7.735675581350889,2.069659288265598,,
naive,platano_harton_verde,medellin_central_mayorista,3,61,220.39344262295083,280.9751170360867,10.16363844574667,2.6124143050003483,,
naive,platano_harton_verde,medellin_central_mayorista,4,61,250.22131147540983,335.8567524953478,11.261437715253868,2.9810654389020934,,
naive,tomate,bogota_corabastos,1,61,441.4344262295082,589.1835800356341,14.166408866992361,1.330426453179805,,
naive,tomate,bogota_corabastos,2,61,714.5819672131148,887.3012199462102,23.208507326554876,2.17145404784115,,
naive,tomate,bogota_corabastos,3,61,757.0,918.6355036273038,23.762316191552994,2.2827039966428395,,
naive,tomate,bogota_corabastos,4,61,831.7540983606557,1017.2229473375853,25.530660489815794,2.474232384841089,,
naive,tomate,bucaramanga_centroabastos,1,61,512.1311475409836,674.2077439240913,18.50467615757696,1.305474440663139,,
naive,tomate,bucaramanga_centroabastos,2,61,760.0327868852459,939.0113304367123,26.753652265517363,1.9611630588821798,,
naive,tomate,bucaramanga_centroabastos,3,61,784.8770491803278,1039.9737839539396,26.660602645859218,2.0521617028244887,,
naive,tomate,bucaramanga_centroabastos,4,61,844.344262295082,1093.2493641119338,28.78295139901849,2.1622814822238148,,
naive,tomate,cucuta_cenabastos,1,61,426.1311475409836,568.2314597092268,16.429861607237843,1.1812798348319076,,
naive,tomate,cucuta_cenabastos,2,61,590.9098360655738,780.5187876463016,21.911252114652058,1.6272026616566344,,
naive,tomate,cucuta_cenabastos,3,61,705.6967213114754,922.8075012841138,24.07601157085733,1.9382501748673746,,
naive,tomate,cucuta_cenabastos,4,61,781.2213114754098,930.8860599221459,26.398682709077235,2.138776382925287,,
naive,tomate,medellin_central_mayorista,1,61,564.7540983606557,730.6075621262523,19.65491195498386,1.1626623882865554,,
naive,tomate,medellin_central_mayorista,2,61,891.3852459016393,1096.2812120535677,29.54158455523418,1.848330017813929,,
naive,tomate,medellin_central_mayorista,3,61,942.5245901639345,1171.3826879544295,31.645414036667074,1.9444956931598092,,
naive,tomate,medellin_central_mayorista,4,61,974.0327868852459,1225.648650614889,31.713136292150633,2.0046279308448276,,
naive,yuca,bogota_corabastos,1,61,189.327868852459,332.6304009055056,6.92628908810629,1.470012765402367,,
naive,yuca,bogota_corabastos,2,61,200.8360655737705,285.46908477216186,7.541545149018127,1.529491222620985,,
naive,yuca,bogota_corabastos,3,61,235.97540983606558,381.4714554347093,8.115042277800752,1.8180429216285425,,
naive,yuca,bogota_corabastos,4,61,221.04098360655738,318.51706210571984,7.899217850825485,1.7315864826671918,,
naive,yuca,bucaramanga_centroabastos,1,61,177.18032786885246,318.8091185934942,7.070581355766708,1.398177722994834,,
naive,yuca,bucaramanga_centroabastos,2,61,229.31147540983608,345.77131644873106,10.002962629637064,1.7126517586910814,,
naive,yuca,bucaramanga_centroabastos,3,61,272.59016393442624,355.49238538339154,11.85268754178543,2.065505537575409,,
naive,yuca,bucaramanga_centroabastos,4,61,298.2049180327869,423.9681930151419,13.148335360929167,2.3321573995967406,,
naive,yuca,cucuta_cenabastos,1,61,72.55737704918033,106.2355101016481,3.0521850889873967,0.6514622704972881,,
naive,yuca,cucuta_cenabastos,2,61,109.43442622950819,145.50166186871328,4.525525775366766,0.986382319022264,,
naive,yuca,cucuta_cenabastos,3,61,137.12295081967213,176.1437913918672,5.676504252414833,1.2373386004348512,,
naive,yuca,cucuta_cenabastos,4,61,163.29508196721312,212.31871727409722,6.926822870643251,1.4783829646543316,,
naive,yuca,medellin_central_mayorista,1,61,76.72131147540983,115.1047634000307,3.328557224012993,1.040110886803989,,
naive,yuca,medellin_central_mayorista,2,61,134.04098360655738,196.96549377417588,5.633693508382178,1.821507692141291,,
naive,yuca,medellin_central_mayorista,3,61,171.02459016393442,224.76832334723653,7.351404892195255,2.318269468796564,,
naive,yuca,medellin_central_mayorista,4,61,206.14754098360655,264.9965202369739,9.028017296063167,2.7878301940919785,,
naive,zanahoria,bogota_corabastos,1,61,252.19672131147541,335.6972191586038,10.551824652285495,1.124273766705267,,
naive,zanahoria,bogota_corabastos,2,61,290.1639344262295,389.6878532246286,12.039181073648995,1.3102970845800388,,
naive,zanahoria,bogota_corabastos,3,61,368.0409836065574,511.58473249755036,15.375371948434188,1.6535585822845362,,
naive,zanahoria,bogota_corabastos,4,61,385.5327868852459,562.6952011029259,16.508676558366773,1.7132222243612127,,
naive,zanahoria,bucaramanga_centroabastos,1,61,202.0327868852459,390.1419665946752,9.484507139001435,1.108907368211057,,
naive,zanahoria,bucaramanga_centroabastos,2,61,275.9672131147541,407.293556275577,13.864608739769219,1.5031018464598056,,
naive,zanahoria,bucaramanga_centroabastos,3,61,308.0245901639344,462.8802158899158,16.455725309848567,1.675530345619672,,
naive,zanahoria,bucaramanga_centroabastos,4,61,382.78688524590166,545.1116444527972,19.946464673942707,2.0814930647777667,,
naive,zanahoria,cucuta_cenabastos,1,61,268.1475409836066,556.6541366673317,12.948000565910792,1.5215392742875622,,
naive,zanahoria,cucuta_cenabastos,2,61,310.0327868852459,444.48854380486625,16.132368731278117,1.7500618424312675,,
naive,zanahoria,cucuta_cenabastos,3,61,362.1393442622951,491.191596453186,19.614792791378996,2.078729951325707,,
naive,zanahoria,cucuta_cenabastos,4,61,411.61475409836066,574.9017057823671,22.15010133762121,2.3539235703200747,,
naive,zanahoria,medellin_central_mayorista,1,61,163.34426229508196,226.16141051593522,13.99934392761934,1.1957309656183732,,
naive,zanahoria,medellin_central_mayorista,2,61,209.12295081967213,268.7982438589198,17.575833124936842,1.542040006981247,,
naive,zanahoria,medellin_central_mayorista,3,61,242.36065573770492,318.2734673201648,20.73005329110481,1.785683647008963,,
naive,zanahoria,medellin_central_mayorista,4,61,286.76229508196724,379.8378374871114,23.702496305517425,2.1134246916685875,,
naive_deriva,cebolla_cabezona_blanca,bogota_corabastos,1,61,205.42567032808998,313.56208597962643,9.99496533498061,0.9707820105563925,,
naive_deriva,cebolla_cabezona_blanca,bogota_corabastos,2,61,275.8077594980772,380.0639374220444,14.577276470596862,1.2977196006943754,,
naive_deriva,cebolla_cabezona_blanca,bogota_corabastos,3,61,426.1788457840008,538.477904289756,21.398971863615223,2.0192717903583213,,
naive_deriva,cebolla_cabezona_blanca,bogota_corabastos,4,61,483.8065357458192,648.7528276816831,24.186949708301036,2.273238118162482,,
naive_deriva,cebolla_cabezona_blanca,bucaramanga_centroabastos,1,61,207.83430292095494,350.9964800296021,9.628062330838583,1.0781493272597509,,
naive_deriva,cebolla_cabezona_blanca,bucaramanga_centroabastos,2,61,283.85556870608065,423.9920941944491,13.571500305536183,1.4640613150486421,,
naive_deriva,cebolla_cabezona_blanca,bucaramanga_centroabastos,3,61,422.48881007676624,590.1437690372527,19.847010128198832,2.187636755861598,,
naive_deriva,cebolla_cabezona_blanca,bucaramanga_centroabastos,4,61,488.1713105904999,676.5048564567566,23.423676136889142,2.5318769304305873,,
naive_deriva,cebolla_cabezona_blanca,cucuta_cenabastos,1,61,183.00006547859667,262.9509370046394,9.046490676685558,0.9079067007633886,,
naive_deriva,cebolla_cabezona_blanca,cucuta_cenabastos,2,61,284.6647051619895,392.77847369489103,13.819579411912391,1.4052553705682935,,
naive_deriva,cebolla_cabezona_blanca,cucuta_cenabastos,3,61,403.82550041919774,578.4491105518745,18.31481977124308,2.011885202291122,,
naive_deriva,cebolla_cabezona_blanca,cucuta_cenabastos,4,61,542.8609801510537,710.7190445801812,24.863798429829,2.701417408684245,,
naive_deriva,cebolla_cabezona_blanca,medellin_central_mayorista,1,61,268.0487691344701,426.05262061177996,11.47724912323256,1.0952759129185865,,
naive_deriva,cebolla_cabezona_blanca,medellin_central_mayorista,2,61,322.5643085262533,458.73312164078663,14.353326572485006,1.3058841675295825,,
naive_deriva,cebolla_cabezona_blanca,medellin_central_mayorista,3,61,474.29927791449813,630.7347143662796,20.40545796635646,1.923521765003172,,
naive_deriva,cebolla_cabezona_blanca,medellin_central_mayorista,4,61,553.1944947613438,747.7140467386557,23.6225580485221,2.2457696956183217,,
naive_deriva,mango_tommy,bogota_corabastos,1,56,551.2682982694029,700.6837691201366,11.316630493620014,1.1823222669023807,,
naive_deriva,mango_tommy,bogota_corabastos,2,57,856.2630553151332,1049.3601634666268,19.40233832580055,1.8392551009073348,,
naive_deriva,mango_tommy,bogota_corabastos,3,56,1257.7265533103202,1568.4031339757632,27.884735423345404,2.7033493540573708,,
naive_deriva,mango_tommy,bogota_corabastos,4,55,1536.9345018450988,2023.1376271163797,31.919836006905644,3.299203618647074,,
naive_deriva,mango_tommy,bucaramanga_centroabastos,1,61,537.8879959010478,735.2241844253383,12.641498580117835,1.3228617461410674,,
naive_deriva,mango_tommy,bucaramanga_centroabastos,2,61,878.6947088485117,1125.4760972514046,20.259795116600422,2.193539445775542,,
naive_deriva,mango_tommy,bucaramanga_centroabastos,3,61,1213.1087123552177,1551.4752649164568,29.061687282801174,2.9946734700436846,,
naive_deriva,mango_tommy,bucaramanga_centroabastos,4,61,1360.7075855846974,1757.2538800127256,32.15566464691433,3.3582117279200623,,
naive_deriva,mango_tommy,medellin_central_mayorista,1,61,418.1694367192211,595.1457808739244,11.459169743806722,0.992191127508283,,
naive_deriva,mango_tommy,medellin_central_mayorista,2,61,739.0679685132003,935.0323871296953,20.508640958515876,1.7401756784805378,,
naive_deriva,mango_tommy,medellin_central_mayorista,3,61,1083.6931306571105,1422.4479542013394,29.400830692734313,2.547574746823389,,
naive_deriva,mango_tommy,medellin_central_mayorista,4,61,1388.5364600418347,1782.7349466240432,33.94187461462722,3.2775600873279225,,
naive_deriva,papa_criolla,bogota_corabastos,1,61,339.24073092456604,456.7401070335544,8.016371837112306,1.141570499300041,,
naive_deriva,papa_criolla,bogota_corabastos,2,61,515.9461389044899,714.8977032928138,11.391556330177458,1.7494510609721143,,
naive_deriva,papa_criolla,bogota_corabastos,3,61,575.1621153150683,825.0747327750361,12.909267047267004,1.9566008817441933,,
naive_deriva,papa_criolla,bogota_corabastos,4,61,630.6608750059665,885.0888768428032,13.834812754980147,2.142537863294859,,
naive_deriva,papa_criolla,bucaramanga_centroabastos,1,60,423.905726982566,610.1275788038008,13.056862642744282,1.3141766433738649,,
naive_deriva,papa_criolla,bucaramanga_centroabastos,2,61,529.0219372043948,688.8686150282789,16.174414497156224,1.6706197259767668,,
naive_deriva,papa_criolla,bucaramanga_centroabastos,3,61,618.8165868148178,825.7233164437638,18.733252970051026,1.9334254178642538,,
naive_deriva,papa_criolla,bucaramanga_centroabastos,4,61,659.6052783355743,874.8261543124144,20.539473345386998,2.0533606148116106,,
naive_deriva,papa_criolla,cucuta_cenabastos,1,61,444.08698972047847,850.4892845616833,13.58960735088811,1.330010139897521,,
naive_deriva,papa_criolla,cucuta_cenabastos,2,61,525.8102769648873,837.549569474976,16.566616647635424,1.5733849365616595,,
naive_deriva,papa_criolla,cucuta_cenabastos,3,61,633.5081382969631,914.9251179669197,19.813004656134254,1.8939644055882396,,
naive_deriva,papa_criolla,cucuta_cenabastos,4,61,768.1854770661113,1171.8284087003874,23.820947595044352,2.3039739140576705,,
naive_deriva,papa_criolla,medellin_central_mayorista,1,61,317.7665044496079,452.29452426669053,11.125873197699994,0.9835214642004412,,
naive_deriva,papa_criolla,medellin_central_mayorista,2,61,377.9699388466999,498.89675878446684,12.601121856164225,1.171435490314232,,
naive_deriva,papa_criolla,medellin_central_mayorista,3,61,559.2886094733223,697.2729681802634,18.762798064032165,1.7233961351967528,,
naive_deriva,papa_criolla,medellin_central_mayorista,4,61,561.6027180282368,681.8053381233339,19.102738489085212,1.7457587163447708,,
naive_deriva,papa_negra,bogota_corabastos,1,61,144.90577326684607,196.976225664683,7.887537390143288,1.2787511180667068,,
naive_deriva,papa_negra,bogota_corabastos,2,61,209.96945711020035,270.2100245876662,11.332736805957259,1.871243687668114,,
naive_deriva,papa_negra,bogota_corabastos,3,61,277.5505480240952,353.73927284397934,14.901940751591965,2.477702545684626,,
naive_deriva,papa_negra,bogota_corabastos,4,61,305.1442588473988,411.94753190780824,15.906943171942403,2.715191973898981,,
naive_deriva,papa_negra,bucaramanga_centroabastos,1,61,153.27071290849446,253.5822599139465,8.521197643543678,1.1361729155465874,,
naive_deriva,papa_negra,bucaramanga_centroabastos,2,61,219.40876406487473,291.34053537784024,12.398449860207409,1.6342629308574161,,
naive_deriva,papa_negra,bucaramanga_centroabastos,3,61,303.93276214175097,405.7731100158036,16.976563916340975,2.2683771383926,,
naive_deriva,papa_negra,bucaramanga_centroabastos,4,61,311.8670416755625,414.1908136629707,16.942555387297524,2.3301558360602677,,
naive_deriva,papa_negra,medellin_central_mayorista,1,61,171.63867529439696,269.9666340812022,7.327356371364599,1.2066588781017804,,
naive_deriva,papa_negra,medellin_central_mayorista,2,61,210.62954146989475,286.8951465031378,9.425409883375933,1.4836825848712307,,
naive_deriva,papa_negra,medellin_central_mayorista,3,61,259.9783070837866,356.7336434160367,11.402673327782239,1.84379013206742,,
naive_deriva,papa_negra,medellin_central_mayorista,4,61,289.16547634074857,391.0238568650551,12.668228988271688,2.046084086347021,,
naive_deriva,platano_harton_verde,bogota_corabastos,1,61,181.4028239203113,262.8877256323136,5.918652118243437,1.1202506953479545,,
naive_deriva,platano_harton_verde,bogota_corabastos,2,61,301.07115908786375,379.836763478159,9.583769943639389,1.856089067914013,,
naive_deriva,platano_harton_verde,bogota_corabastos,3,61,360.9838363669727,447.766000424852,11.824238952332498,2.21734982114225,,
naive_deriva,platano_harton_verde,bogota_corabastos,4,61,402.2213120680884,508.1648425648219,13.21211703580834,2.4703090639559964,,
naive_deriva,platano_harton_verde,bucaramanga_centroabastos,1,61,156.6941844863091,276.7555635506482,4.328918243564569,1.2113976369164499,,
naive_deriva,platano_harton_verde,bucaramanga_centroabastos,2,61,257.2571556973546,358.388967584474,7.589593985676453,1.9961628333165506,,
naive_deriva,platano_harton_verde,bucaramanga_centroabastos,3,61,338.59042346355136,467.92487339320354,9.74256257031402,2.6406206660838043,,
naive_deriva,platano_harton_verde,bucaramanga_centroabastos,4,61,381.8264504616158,501.88966110030174,11.129025327860429,2.97768223636556,,
naive_deriva,platano_harton_verde,cucuta_cenabastos,1,61,222.99191042699562,329.2983537721338,6.955763883914578,1.2869377449618695,,
naive_deriva,platano_harton_verde,cucuta_cenabastos,2,61,292.0346792144969,413.5447146627271,8.829348040910455,1.6813575076292164,,
naive_deriva,platano_harton_verde,cucuta_cenabastos,3,61,343.2965830108045,445.704389447008,10.424290864216518,1.9716145340547075,,
naive_deriva,platano_harton_verde,cucuta_cenabastos,4,61,376.56602256735226,483.80835321921603,11.598067651099385,2.1644079601605655,,
naive_deriva,platano_harton_verde,medellin_central_mayorista,1,61,113.24508243197984,176.9628926040917,5.085844799954285,1.354576050567134,,
naive_deriva,platano_harton_verde,medellin_central_mayorista,2,61,173.5448114808902,252.294896432176,7.754811946642564,2.0780523868322,,
naive_deriva,platano_harton_verde,medellin_central_mayorista,3,61,219.3321327179445,282.0544928261917,10.093890644296842,2.596008945006881,,
naive_deriva,platano_harton_verde,medellin_central_mayorista,4,61,250.96419636971933,339.11451985837687,11.242993866118917,2.9867540990690102,,
naive_deriva,tomate,bogota_corabastos,1,61,442.5133221598567,591.1097877038978,14.191002347778866,1.3342310124434886,,
naive_deriva,tomate,bogota_corabastos,2,61,719.5350253623634,893.7111793901832,23.329206115413577,2.186753418568108,,
naive_deriva,tomate,bogota_corabastos,3,61,762.6628009534505,926.06338550483,23.90414175927075,2.3007978489612504,,
naive_deriva,tomate,bogota_corabastos,4,61,839.2725349945149,1026.6809012522692,25.705222568687887,2.4964829146068737,,
naive_deriva,tomate,bucaramanga_centroabastos,1,61,514.7112799566722,676.6099789555894,18.58115395429738,1.3124297498219675,,
naive_deriva,tomate,bucaramanga_centroabastos,2,61,767.1401172193878,945.3883096976749,26.956810287805283,1.980045874371075,,
naive_deriva,tomate,bucaramanga_centroabastos,3,61,791.4985441217175,1048.59056836121,26.8513257742233,2.070141731727605,,
naive_deriva,tomate,bucaramanga_centroabastos,4,61,848.062865548704,1102.9876786050509,28.8568888683793,2.1710675965704502,,
naive_deriva,tomate,cucuta_cenabastos,1,61,426.56167105618425,569.1097443947754,16.44942087455662,1.1824620044960028,,
naive_deriva,tomate,cucuta_cenabastos,2,61,594.109348305276,785.7258213985292,21.985825811920797,1.6361733528985771,,
naive_deriva,tomate,cucuta_cenabastos,3,61,710.1962554578995,929.6977364974397,24.18183088624347,1.9505543545337072,,
naive_deriva,tomate,cucuta_cenabastos,4,61,789.9310693478866,939.2166921010155,26.676633536528342,2.163086220933352,,
naive_deriva,tomate,medellin_central_mayorista,1,61,566.4713812822953,732.2303759553488,19.719396757958645,1.1663234111239322,,
naive_deriva,tomate,medellin_central_mayorista,2,61,896.2737723628359,1101.2681426538143,29.73508452392747,1.8584980222929592,,
naive_deriva,tomate,medellin_central_mayorista,3,61,948.5499850516525,1178.4516238136364,31.895058340999533,1.9572463698193585,,
naive_deriva,tomate,medellin_central_mayorista,4,61,983.5349451991403,1237.1797388430277,32.032807976381804,2.0248715265359745,,
naive_deriva,yuca,bogota_corabastos,1,61,190.21276862218215,332.3200413465165,6.9538444490507345,1.4769707971820554,,
naive_deriva,yuca,bogota_corabastos,2,61,202.6506768498203,285.0455886719747,7.590436698560675,1.5437053479936997,,
naive_deriva,yuca,bogota_corabastos,3,61,240.44735219651363,382.041839080787,8.24195007546877,1.853191775305125,,
naive_deriva,yuca,bogota_corabastos,4,61,224.94053304786803,322.225074350295,8.000145038810505,1.7581801949863236,,
naive_deriva,yuca,bucaramanga_centroabastos,1,61,178.936661602436,320.9464451294359,7.1362912842359085,1.410806416631528,,
naive_deriva,yuca,bucaramanga_centroabastos,2,61,233.94218453688939,353.56184192749987,10.15082693073672,1.7470771489157029,,
naive_deriva,yuca,bucaramanga_centroabastos,3,61,276.8081199210399,361.0012593000826,11.953273317060077,2.09414101369653,,
naive_deriva,yuca,bucaramanga_centroabastos,4,61,302.9798841051714,428.7974735747027,13.249365026322302,2.3642077015793155,,
naive_deriva,yuca,cucuta_cenabastos,1,61,72.39921262965716,106.93343046307359,3.050714754146072,0.6502810363230966,,
naive_deriva,yuca,cucuta_cenabastos,2,61,110.81730195637826,147.34513322554866,4.559465271500025,0.997669246587762,,
naive_deriva,yuca,cucuta_cenabastos,3,61,142.96518473305332,178.18951468009203,5.8455720181217785,1.2874291846377437,,
naive_deriva,yuca,cucuta_cenabastos,4,61,166.4573836053977,214.53970887728698,7.018246028362661,1.505058906830799,,
naive_deriva,yuca,medellin_central_mayorista,1,61,77.63288905003675,116.8262191511466,3.3622722134597134,1.0520377237149614,,
naive_deriva,yuca,medellin_central_mayorista,2,61,135.2205672369294,198.68446273152924,5.67237372126236,1.8356736296240184,,
naive_deriva,yuca,medellin_central_mayorista,3,61,172.12435330408127,226.03574851305962,7.380277723681939,2.3300741951159782,,
naive_deriva,yuca,medellin_central_mayorista,4,61,208.96944066299605,268.4834321724412,9.096303974916417,2.8216786002101086,,
naive_deriva,zanahoria,bogota_corabastos,1,61,251.77336739057284,334.81058367183505,10.544517491158025,1.1223900808184244,,
naive_deriva,zanahoria,bogota_corabastos,2,61,290.3753814994892,391.0048441459904,12.039864602580085,1.3109765946233516,,
naive_deriva,zanahoria,bogota_corabastos,3,61,371.03817645026845,514.3684891114531,15.478241300481615,1.6665011329714234,,
naive_deriva,zanahoria,bogota_corabastos,4,61,386.15445308334915,567.623966331274,16.53454957080985,1.7161488126755564,,
naive_deriva,zanahoria,bucaramanga_centroabastos,1,61,201.95966839629156,389.86268653803194,9.481999745448036,1.10874488320802,,
naive_deriva,zanahoria,bucaramanga_centroabastos,2,61,275.68415068174346,408.9546137760531,13.83043542565292,1.501624261670126,,
naive_deriva,zanahoria,bucaramanga_centroabastos,3,61,306.3814191397278,466.93419358808694,16.33034613750432,1.666596500674815,,
naive_deriva,zanahoria,bucaramanga_centroabastos,4,61,382.86715102112237,550.4728783614248,19.88851156550446,2.0818952410537266,,
naive_deriva,zanahoria,cucuta_cenabastos,1,61,268.99858585698206,556.6865950046104,12.975376296914412,1.5268115861473563,,
naive_deriva,zanahoria,cucuta_cenabastos,2,61,311.14575265012786,445.5963773287461,16.188331959523488,1.7569588560008114,,
naive_deriva,zanahoria,cucuta_cenabastos,3,61,363.9229370765276,494.0727124660985,19.6626332039393,2.088100117212304,,
naive_deriva,zanahoria,cucuta_cenabastos,4,61,414.4860971044701,580.1015410908288,22.232462756132403,2.368772752542365,,
naive_deriva,zanahoria,medellin_central_mayorista,1,61,164.66487794331914,226.85037676259094,14.084449778776055,1.206026074846082,,
naive_deriva,zanahoria,medellin_central_mayorista,2,61,209.4623903129354,269.35881159487724,17.59099125401529,1.5443518055270877,,
naive_deriva,zanahoria,medellin_central_mayorista,3,61,241.77494512142195,320.0828720739661,20.65739244346554,1.7794634655438888,,
naive_deriva,zanahoria,medellin_central_mayorista,4,61,287.876716114502,383.398637789797,23.729073295708353,2.119920560202901,,
naive_estacional,cebolla_cabezona_blanca,bogota_corabastos,1,61,952.9180327868852,1225.523641845114,49.091318744334046,4.511257914532433,,
naive_estacional,cebolla_cabezona_blanca,bogota_corabastos,2,61,923.2049180327868,1260.4337774659361,45.92576901804561,4.359982352424676,,
naive_estacional,cebolla_cabezona_blanca,bogota_corabastos,3,61,968.2540983606557,1331.785466465423,46.68758666615403,4.574168810909143,,
naive_estacional,cebolla_cabezona_blanca,bogota_corabastos,4,61,993.2459016393443,1298.6462718324271,51.20412921329941,4.683136269134257,,
naive_estacional,cebolla_cabezona_blanca,bucaramanga_centroabastos,1,61,917.0655737704918,1224.293610316698,45.096953154235756,4.751331896635584,,
naive_estacional,cebolla_cabezona_blanca,bucaramanga_centroabastos,2,61,774.4344262295082,1058.5807561131624,39.31781945007219,4.014991013304289,,
naive_estacional,cebolla_cabezona_blanca,bucaramanga_centroabastos,3,61,900.8934426229508,1213.7521909959796,43.57365073612672,4.656885008580121,,
naive_estacional,cebolla_cabezona_blanca,bucaramanga_centroabastos,4,61,933.0491803278688,1244.4884590023983,46.10086839614873,4.842399004576128,,
naive_estacional,cebolla_cabezona_blanca,cucuta_cenabastos,1,61,1013.1311475409836,1340.465178004495,46.83067059990633,5.044956210488164,,
naive_estacional,cebolla_cabezona_blanca,cucuta_cenabastos,2,61,937.2295081967213,1268.1328309957046,44.19381879273617,4.656717610679549,,
naive_estacional,cebolla_cabezona_blanca,cucuta_cenabastos,3,61,877.9672131147541,1263.7062456955082,40.23681809204623,4.365885055883786,,
naive_estacional,cebolla_cabezona_blanca,cucuta_cenabastos,4,61,1012.6639344262295,1359.3354134993476,46.73222089069847,5.030050379258669,,
naive_estacional,cebolla_cabezona_blanca,medellin_central_mayorista,1,61,1050.9426229508197,1366.8599095353854,46.7123339058107,4.234463418614339,,
naive_estacional,cebolla_cabezona_blanca,medellin_central_mayorista,2,61,1002.360655737705,1306.9883602276234,45.07699042264074,4.036548063863898,,
naive_estacional,cebolla_cabezona_blanca,medellin_central_mayorista,3,61,1066.172131147541,1435.0770228372448,45.43003638899711,4.292980964139775,,
naive_estacional,cebolla_cabezona_blanca,medellin_central_mayorista,4,61,1086.327868852459,1417.4187344791444,47.941556813931605,4.371574615299444,,
naive_estacional,mango_tommy,bogota_corabastos,1,56,1561.6803571428572,2015.5515234669642,32.03610353026519,3.3257117644339296,,
naive_estacional,mango_tommy,bogota_corabastos,2,57,1480.1175438596492,1962.6640804578094,30.834006762852752,3.156467911547961,,
naive_estacional,mango_tommy,bogota_corabastos,3,56,1396.033035714286,1846.1034430780533,28.252480519558542,2.9628886560036447,,
naive_estacional,mango_tommy,bogota_corabastos,4,55,1368.959090909091,1829.9317156534955,27.628897134811137,2.8920042798824177,,
naive_estacional,mango_tommy,bucaramanga_centroabastos,1,61,1342.6065573770493,1721.856189611931,33.93711609709912,3.3058515535643607,,
naive_estacional,mango_tommy,bucaramanga_centroabastos,2,61,1505.3196721311476,1868.8360200060708,35.08088491405472,3.68869695739863,,
naive_estacional,mango_tommy,bucaramanga_centroabastos,3,61,1304.7459016393443,1672.2820093669784,30.23307272207737,3.2207344584828017,,
naive_estacional,mango_tommy,bucaramanga_centroabastos,4,61,1215.0655737704917,1576.3105190472518,30.93935883055876,2.9862817620255595,,
naive_estacional,mango_tommy,medellin_central_mayorista,1,61,1358.844262295082,1772.098823938236,35.25438353383518,3.201877801790131,,
naive_estacional,mango_tommy,medellin_central_mayorista,2,61,1436.5655737704917,1806.1354552709731,37.50801213988378,3.3907300796502486,,
naive_estacional,mango_tommy,medellin_central_mayorista,3,61,1173.27868852459,1595.771690087666,31.757536265537524,2.7745450147116264,,
naive_estacional,mango_tommy,medellin_central_mayorista,4,61,1251.3524590163934,1720.1093572269388,32.580174343779056,2.9573298114075577,,
naive_estacional,papa_criolla,bogota_corabastos,1,61,1391.2704918032787,1885.7477568484646,30.67059268475364,4.613115515779898,,
naive_estacional,papa_criolla,bogota_corabastos,2,61,1465.1311475409836,1975.3541641362674,31.957719292949307,4.851017747867996,,
naive_estacional,papa_criolla,bogota_corabastos,3,61,1239.8196721311476,1693.537695544303,27.68271975141826,4.120235516923336,,
naive_estacional,papa_criolla,bogota_corabastos,4,61,1300.5901639344263,1749.1201511842141,29.14552515325017,4.330884953560706,,
naive_estacional,papa_criolla,bucaramanga_centroabastos,1,60,1051.575,1365.0372507127172,33.10302930932735,3.240255029725858,,
naive_estacional,papa_criolla,bucaramanga_centroabastos,2,61,930.4426229508197,1215.891125680337,29.123746341447177,2.870724496995969,,
naive_estacional,papa_criolla,bucaramanga_centroabastos,3,61,1142.844262295082,1484.2857268236662,34.52520618394535,3.5550624401885083,,
naive_estacional,papa_criolla,bucaramanga_centroabastos,4,61,1130.27868852459,1419.571795284484,34.59720603195697,3.526233143778182,,
naive_estacional,papa_criolla,cucuta_cenabastos,1,61,1104.72131147541,1417.6661986587928,34.270386832465775,3.312461778755502,,
naive_estacional,papa_criolla,cucuta_cenabastos,2,61,832.7622950819672,1107.7350821812415,27.55975816141095,2.5009759246533108,,
naive_estacional,papa_criolla,cucuta_cenabastos,3,61,1030.4590163934427,1305.7997863253054,32.972541743103285,3.073198093224932,,
naive_estacional,papa_criolla,cucuta_cenabastos,4,61,1107.688524590164,1370.093944966106,34.914851564392436,3.32396229629095,,
naive_estacional,papa_criolla,medellin_central_mayorista,1,61,1209.9918032786886,1460.3920411774457,39.37410250456132,3.724242990360044,,
naive_estacional,papa_criolla,medellin_central_mayorista,2,61,1146.795081967213,1405.8784736906975,37.093152019471546,3.541328846564374,,
naive_estacional,papa_criolla,medellin_central_mayorista,3,61,1202.5245901639344,1505.4816940592607,39.22399697999755,3.721905647258124,,
naive_estacional,papa_criolla,medellin_central_mayorista,4,61,1248.0573770491803,1555.5496748685355,41.27595830493531,3.856855118226692,,
naive_estacional,papa_negra,bogota_corabastos,1,61,824.1475409836065,1108.7009752223619,41.27820016233382,7.256464110519944,,
naive_estacional,papa_negra,bogota_corabastos,2,61,776.4918032786885,1004.8358034043565,39.94262186574823,6.840767189329148,,
naive_estacional,papa_negra,bogota_corabastos,3,61,748.1147540983607,981.1612390678611,38.3668211423562,6.588045951281042,,
naive_estacional,papa_negra,bogota_corabastos,4,61,759.6803278688525,1040.6468373871774,38.89537976653937,6.6565128675665814,,
naive_estacional,papa_negra,bucaramanga_centroabastos,1,61,846.655737704918,1139.4338974058026,43.93663230058837,6.261195147290689,,
naive_estacional,papa_negra,bucaramanga_centroabastos,2,61,720.7295081967213,941.8160322083024,39.43920694736664,5.352736903171265,,
naive_estacional,papa_negra,bucaramanga_centroabastos,3,61,730.4180327868852,974.8810204831975,39.19211145433879,5.438698315329339,,
naive_estacional,papa_negra,bucaramanga_centroabastos,4,61,762.8196721311475,1026.6860343429018,40.319938952644435,5.661375859663148,,
naive_estacional,papa_negra,medellin_central_mayorista,1,61,901.8360655737705,1184.7357144590324,37.740304749408466,6.312519947211066,,
naive_estacional,papa_negra,medellin_central_mayorista,2,61,802.7622950819672,1033.3595358479395,34.98944862356112,5.629958769037776,,
naive_estacional,papa_negra,medellin_central_mayorista,3,61,809.2704918032787,1012.5130175240897,35.38766518784529,5.672593055922905,,
naive_estacional,papa_negra,medellin_central_mayorista,4,61,782.2213114754098,1025.6032231382053,34.12387768450404,5.476489391079223,,
naive_estacional,platano_harton_verde,bogota_corabastos,1,61,1003.8524590163935,1272.9011300510522,33.551753073712995,6.213161494772553,,
naive_estacional,platano_harton_verde,bogota_corabastos,2,61,1068.4016393442623,1281.9662328357747,35.95582730541307,6.601437263248874,,
naive_estacional,platano_harton_verde,bogota_corabastos,3,61,1008.9590163934427,1219.1517257207443,33.86142512470297,6.236015489062846,,
naive_estacional,platano_harton_verde,bogota_corabastos,4,61,1032.2622950819673,1278.20283030896,34.26937893928603,6.3887037111408125,,
naive_estacional,platano_harton_verde,bucaramanga_centroabastos,1,61,1126.2622950819673,1360.3472706339774,35.37782306249003,8.897669906952764,,
naive_estacional,platano_harton_verde,bucaramanga_centroabastos,2,61,1128.877049180328,1344.0440947708987,34.90894994659573,8.915322659182529,,
naive_estacional,platano_harton_verde,bucaramanga_centroabastos,3,61,1118.7295081967213,1347.0728298857466,34.07404580570472,8.836891296808327,,
naive_estacional,platano_harton_verde,bucaramanga_centroabastos,4,61,1128.967213114754,1357.4360716161148,34.922770845472364,8.92016640799579,,
naive_estacional,platano_harton_verde,cucuta_cenabastos,1,61,1135.5573770491803,1361.241772770152,36.92461126986495,6.624779256112782,,
naive_estacional,platano_harton_verde,cucuta_cenabastos,2,61,1091.844262295082,1302.7208239227496,35.5761404397543,6.369591841470174,,
naive_estacional,platano_harton_verde,cucuta_cenabastos,3,61,1101.77868852459,1306.585427558488,35.10731536244273,6.421538008762367,,
naive_estacional,platano_harton_verde,cucuta_cenabastos,4,61,1131.7704918032787,1351.479423131385,35.548644502032,6.5795049546378,,
naive_estacional,platano_harton_verde,medellin_central_mayorista,1,61,698.7950819672132,817.1355582103886,33.401635056974484,8.708945882456128,,
naive_estacional,platano_harton_verde,medellin_central_mayorista,2,61,680.3032786885246,797.1699507180817,32.81317981352884,8.49187284788311,,
naive_estacional,platano_harton_verde,medellin_central_mayorista,3,61,674.8360655737705,801.7840864668464,32.29396713166551,8.42373278710493,,
naive_estacional,platano_harton_verde,medellin_central_mayorista,4,61,706.3032786885246,823.9909203900526,33.89195836898241,8.818856019153264,,
naive_estacional,tomate,bogota_corabastos,1,61,1030.5245901639344,1322.7019973412348,34.18208174655861,3.0704834276725,,
naive_estacional,tomate,bogota_corabastos,2,61,1033.2295081967213,1287.5045885641614,34.901915105163496,3.0723584494832257,,
naive_estacional,tomate,bogota_corabastos,3,61,1093.0901639344263,1383.9446784285924,35.67736435890814,3.260610937352749,,
naive_estacional,tomate,bogota_corabastos,4,61,1130.795081967213,1434.0531076545842,36.923448949103275,3.407599073211652,,
naive_estacional,tomate,bucaramanga_centroabastos,1,61,1184.3196721311476,1499.9368989459763,43.65073913290784,3.1174665831280812,,
naive_estacional,tomate,bucaramanga_centroabastos,2,61,1220.967213114754,1490.7112258973546,45.116261174954055,3.1892085406649993,,
naive_estacional,tomate,bucaramanga_centroabastos,3,61,1185.4016393442623,1471.801518213782,42.42012354484182,3.103714256296721,,
naive_estacional,tomate,bucaramanga_centroabastos,4,61,1253.1967213114754,1541.52065118596,44.36944462321537,3.273173095940755,,
naive_estacional,tomate,cucuta_cenabastos,1,61,1308.72131147541,1623.0450030628274,46.95403686528507,3.59842828228439,,
naive_estacional,tomate,cucuta_cenabastos,2,61,1282.4098360655737,1565.517056993537,48.01421392710774,3.519266589239756,,
naive_estacional,tomate,cucuta_cenabastos,3,61,1290.4016393442623,1576.0651758492065,45.7056009073787,3.549328378941481,,
naive_estacional,tomate,cucuta_cenabastos,4,61,1211.9590163934427,1564.066247129525,41.53350961963946,3.3155818361480165,,
naive_estacional,tomate,medellin_central_mayorista,1,61,1165.6065573770493,1527.1363080218766,38.2601954882264,2.3986509282499435,,
naive_estacional,tomate,medellin_central_mayorista,2,61,1102.1967213114754,1432.3390391072987,37.34704170439216,2.272920352879117,,
naive_estacional,tomate,medellin_central_mayorista,3,61,1236.450819672131,1484.5159129836363,41.41916436687431,2.5500841117980277,,
naive_estacional,tomate,medellin_central_mayorista,4,61,1130.0737704918033,1470.501315488177,38.2831862455629,2.3492494652071603,,
naive_estacional,yuca,bogota_corabastos,1,61,1223.5901639344263,1507.7492970062863,47.41570608947208,9.7709670561439,,
naive_estacional,yuca,bogota_corabastos,2,61,1258.2540983606557,1509.1056289008825,48.6570489500291,9.995615855943633,,
naive_estacional,yuca,bogota_corabastos,3,61,1224.827868852459,1497.214543525497,46.97326075612199,9.619189674944124,,
naive_estacional,yuca,bogota_corabastos,4,61,1189.311475409836,1455.907995088953,45.9948230181637,9.46905558214553,,
naive_estacional,yuca,bucaramanga_centroabastos,1,61,958.9262295081967,1111.7954151200513,45.721127876649845,7.2142766560467,,
naive_estacional,yuca,bucaramanga_centroabastos,2,61,891.844262295082,1018.0068580882714,43.695980292779254,6.673705086317659,,
naive_estacional,yuca,bucaramanga_centroabastos,3,61,956.9344262295082,1098.762493168311,44.88240510218017,7.1807106231414,,
naive_estacional,yuca,bucaramanga_centroabastos,4,61,984.7131147540983,1144.388194697907,46.04624271112124,7.482503846965666,,
naive_estacional,yuca,cucuta_cenabastos,1,61,1008.3032786885246,1150.9511729256878,42.98188938786778,8.99524126894347,,
naive_estacional,yuca,cucuta_cenabastos,2,61,1012.2622950819672,1143.8014200570788,43.06597976491494,9.036498687038131,,
naive_estacional,yuca,cucuta_cenabastos,3,61,1007.4918032786885,1156.6322934688803,42.65615772733125,8.993911565466625,,
naive_estacional,yuca,cucuta_cenabastos,4,61,1039.2540983606557,1186.9065540440777,44.28798861168155,9.276225618162702,,
naive_estacional,yuca,medellin_central_mayorista,1,61,1031.5737704918033,1147.6370056430349,49.61084973637708,13.883694830715525,,
naive_estacional,yuca,medellin_central_mayorista,2,61,1018.172131147541,1148.7529535808192,48.62181737470511,13.730999664399317,,
naive_estacional,yuca,medellin_central_mayorista,3,61,1034.6311475409836,1145.9088400357732,49.09156645154625,13.953350246712557,,
naive_estacional,yuca,medellin_central_mayorista,4,61,1032.827868852459,1155.669869971808,49.06863097705129,13.9159201135764,,
naive_estacional,zanahoria,bogota_corabastos,1,61,765.3688524590164,973.783017285729,31.019179292873133,3.3509909939629394,,
naive_estacional,zanahoria,bogota_corabastos,2,61,745.672131147541,958.0735409330881,30.72086540468707,3.261731497198649,,
naive_estacional,zanahoria,bogota_corabastos,3,61,733.0,947.3986515285067,29.949577005978167,3.1948164842852185,,
naive_estacional,zanahoria,bogota_corabastos,4,61,706.4508196721312,929.2193422790841,29.737416997415604,3.075095129840501,,
naive_estacional,zanahoria,bucaramanga_centroabastos,1,61,625.6311475409836,834.4002042303633,31.951154052536186,3.3905000353911916,,
naive_estacional,zanahoria,bucaramanga_centroabastos,2,61,573.983606557377,751.6546992371204,30.323488772823687,3.1226417916941727,,
naive_estacional,zanahoria,bucaramanga_centroabastos,3,61,535.0655737704918,685.0286699755891,28.161327004435556,2.91588266211056,,
naive_estacional,zanahoria,bucaramanga_centroabastos,4,61,564.6147540983607,727.7617804037208,29.20474845399249,3.0634978400020145,,
naive_estacional,zanahoria,cucuta_cenabastos,1,61,747.672131147541,1077.1101744338193,37.96760301333977,4.082971814983615,,
naive_estacional,zanahoria,cucuta_cenabastos,2,61,752.139344262295,1042.1922492641315,38.967811718647404,4.116410666234001,,
naive_estacional,zanahoria,cucuta_cenabastos,3,61,720.8524590163935,948.5498768396204,38.1174743058826,3.933556584692432,,
naive_estacional,zanahoria,cucuta_cenabastos,4,61,704.1475409836065,937.8962244666797,36.80028142555958,3.825993633427685,,
naive_estacional,zanahoria,medellin_central_mayorista,1,61,570.2786885245902,686.7515001445717,50.62390579064735,4.150321151928052,,
naive_estacional,zanahoria,medellin_central_mayorista,2,61,599.3360655737705,688.705607596182,52.26699438061521,4.381346847131282,,
naive_estacional,zanahoria,medellin_central_mayorista,3,61,611.9590163934427,726.0111066982242,53.28883681421277,4.466644317449246,,
naive_estacional,zanahoria,medellin_central_mayorista,4,61,591.639344262295,732.1113863116822,52.129874579107415,4.317949829051334,,
promedio_movil_4,cebolla_cabezona_blanca,bogota_corabastos,1,61,319.8975409836066,462.573950113677,16.425162598065764,1.517833105477524,,
promedio_movil_4,cebolla_cabezona_blanca,bogota_corabastos,2,61,386.96311475409834,553.6387692194133,19.20230963166226,1.8316053545223558,,
promedio_movil_4,cebolla_cabezona_blanca,bogota_corabastos,3,61,514.6352459016393,693.4569448233758,25.27530671138962,2.4408484254578267,,
promedio_movil_4,cebolla_cabezona_blanca,bogota_corabastos,4,61,585.4303278688525,760.3829772086489,29.36450071794074,2.7562488772910316,,
promedio_movil_4,cebolla_cabezona_blanca,bucaramanga_centroabastos,1,61,323.9836065573771,471.94411745459865,15.057696367385761,1.6795720560578706,,
promedio_movil_4,cebolla_cabezona_blanca,bucaramanga_centroabastos,2,61,329.07377049180326,464.56992053465297,15.819188537518,1.701356436738434,,
promedio_movil_4,cebolla_cabezona_blanca,bucaramanga_centroabastos,3,61,467.4139344262295,663.5129852213723,21.60759768916703,2.4292951016790156,,
promedio_movil_4,cebolla_cabezona_blanca,bucaramanga_centroabastos,4,61,551.8401639344262,736.3009243709452,26.520593347153426,2.870586834087084,,
promedio_movil_4,cebolla_cabezona_blanca,cucuta_cenabastos,1,61,324.5245901639344,451.54983397347786,15.1923646496267,1.6108577387424294,,
promedio_movil_4,cebolla_cabezona_blanca,cucuta_cenabastos,2,61,392.4590163934426,567.6251978783125,18.433955946722417,1.93548123228034,,
promedio_movil_4,cebolla_cabezona_blanca,cucuta_cenabastos,3,61,492.922131147541,693.2805674360318,22.129382877219907,2.4554387230537227,,
promedio_movil_4,cebolla_cabezona_blanca,cucuta_cenabastos,4,61,577.766393442623,794.7537344757272,26.642828521722038,2.874016423616741,,
promedio_movil_4,cebolla_cabezona_blanca,medellin_central_mayorista,1,61,371.2172131147541,538.8912142340869,15.953907220299193,1.511050887310367,,
promedio_movil_4,cebolla_cabezona_blanca,medellin_central_mayorista,2,61,404.16803278688525,585.0185185173173,17.84616210017763,1.6329221465173303,,
promedio_movil_4,cebolla_cabezona_blanca,medellin_central_mayorista,3,61,569.7745901639345,769.6403014704603,24.52243180857043,2.309066341438229,,
promedio_movil_4,cebolla_cabezona_blanca,medellin_central_mayorista,4,61,622.2868852459017,825.6434456744909,27.009170153688363,2.522278499407151,,
promedio_movil_4,mango_tommy,bogota_corabastos,1,56,1158.1261160714287,1508.923549782298,23.101332369717788,2.471341336148849,,
promedio_movil_4,mango_tommy,bogota_corabastos,2,57,1386.4107456140352,1755.249117816285,29.416948965093294,2.9698364484063573,,
promedio_movil_4,mango_tommy,bogota_corabastos,3,56,1740.0988839285715,2172.9920409971974,36.47656034308705,3.7232578813504205,,
promedio_movil_4,mango_tommy,bogota_corabastos,4,55,2017.7965909090908,2590.9726063125277,40.89426301268568,4.310440678222476,,
promedio_movil_4,mango_tommy,bucaramanga_centroabastos,1,61,1008.5184426229508,1309.3448126337469,22.822896062669056,2.467250226738195,,
promedio_movil_4,mango_tommy,bucaramanga_centroabastos,2,61,1342.4323770491803,1698.9390530545386,30.00579934322754,3.326671777221477,,
promedio_movil_4,mango_tommy,bucaramanga_centroabastos,3,61,1650.875,2070.5972133489117,37.97970736813633,4.067862161476153,,
promedio_movil_4,mango_tommy,bucaramanga_centroabastos,4,61,1682.7151639344263,2180.814828883713,39.6416529516571,4.149594196721234,,
promedio_movil_4,mango_tommy,medellin_central_mayorista,1,61,980.514344262295,1241.5188286099542,23.84389710999609,2.300685788838955,,
promedio_movil_4,mango_tommy,medellin_central_mayorista,2,61,1261.497950819672,1534.184062441261,32.432240193988186,2.9734284334246865,,
promedio_movil_4,mango_tommy,medellin_central_mayorista,3,61,1533.3094262295083,1924.9005620873459,39.938760978394235,3.6121057177393663,,
promedio_movil_4,mango_tommy,medellin_central_mayorista,4,61,1739.1659836065573,2224.816687915168,43.024310788349105,4.1141593149404505,,
promedio_movil_4,papa_criolla,bogota_corabastos,1,61,482.84631147540983,653.1774157334133,10.928795868247827,1.6347666900365696,,
promedio_movil_4,papa_criolla,bogota_corabastos,2,61,623.485655737705,876.513836095474,13.900900038746153,2.121744476092614,,
promedio_movil_4,papa_criolla,bogota_corabastos,3,61,715.9569672131148,988.443332761124,15.813703254832712,2.4242364778516023,,
promedio_movil_4,papa_criolla,bogota_corabastos,4,61,759.9405737704918,1064.389349459986,16.780087017042515,2.571137794121724,,
promedio_movil_4,papa_criolla,bucaramanga_centroabastos,1,60,486.6375,627.8443365496737,15.462215897341528,1.5063050697763984,,
promedio_movil_4,papa_criolla,bucaramanga_centroabastos,2,61,518.7766393442623,661.7038881588261,15.954985036576963,1.638833604050635,,
promedio_movil_4,papa_criolla,bucaramanga_centroabastos,3,61,632.735655737705,842.951342565143,19.09128782826524,1.9817338605687012,,
promedio_movil_4,papa_criolla,bucaramanga_centroabastos,4,61,644.4733606557377,856.9810781991592,20.035731051594645,2.007304594003516,,
promedio_movil_4,papa_criolla,cucuta_cenabastos,1,61,417.1331967213115,646.5223537857544,13.123715550417431,1.2550916655388173,,
promedio_movil_4,papa_criolla,cucuta_cenabastos,2,61,481.4159836065574,647.0979844549477,15.633797114869546,1.456788276951755,,
promedio_movil_4,papa_criolla,cucuta_cenabastos,3,61,587.0225409836065,756.2162566987646,18.713259459635296,1.7568166826638667,,
promedio_movil_4,papa_criolla,cucuta_cenabastos,4,61,703.6659836065573,962.7612623111543,22.207196626031973,2.1138662299412565,,
promedio_movil_4,papa_criolla,medellin_central_mayorista,1,61,396.87909836065575,502.354645450132,13.728408273982332,1.2227413183932516,,
promedio_movil_4,papa_criolla,medellin_central_mayorista,2,61,436.0143442622951,566.6442266179249,14.326699182598293,1.3434368158061045,,
promedio_movil_4,papa_criolla,medellin_central_mayorista,3,61,629.1168032786885,758.1508087588652,20.843751155632788,1.9457788780673801,,
promedio_movil_4,papa_criolla,medellin_central_mayorista,4,61,610.5881147540983,745.7995800319411,20.270879555112064,1.887142489269748,,
promedio_movil_4,papa_negra,bogota_corabastos,1,61,205.67008196721312,275.44053155659634,10.928402379341035,1.8151591588369451,,
promedio_movil_4,papa_negra,bogota_corabastos,2,61,253.1454918032787,332.97022824809756,13.409018537545695,2.261995667924986,,
promedio_movil_4,papa_negra,bogota_corabastos,3,61,302.5225409836066,411.2510759739774,16.12798259496822,2.716574252374581,,
promedio_movil_4,papa_negra,bogota_corabastos,4,61,343.1577868852459,463.15064639946894,17.876668981971427,3.060077965032343,,
promedio_movil_4,papa_negra,bucaramanga_centroabastos,1,61,225.87295081967213,310.5717839595273,12.2397080525838,1.6793696160699196,,
promedio_movil_4,papa_negra,bucaramanga_centroabastos,2,61,256.70081967213116,349.9781360266971,14.100950501577426,1.93125770963222,,
promedio_movil_4,papa_negra,bucaramanga_centroabastos,3,61,350.19262295081967,466.5576030097779,19.342256921173202,2.6272978182274875,,
promedio_movil_4,papa_negra,bucaramanga_centroabastos,4,61,353.67622950819674,465.8794598461681,19.10261911692596,2.659275104098643,,
promedio_movil_4,papa_negra,medellin_central_mayorista,1,61,215.97540983606558,295.0093323058459,9.053432266164139,1.5209920965756247,,
promedio_movil_4,papa_negra,medellin_central_mayorista,2,61,244.28688524590163,345.0026193770841,10.880880057539924,1.7235248616012246,,
promedio_movil_4,papa_negra,medellin_central_mayorista,3,61,294.4549180327869,403.56753858148863,13.014626670318371,2.087780999079704,,
promedio_movil_4,papa_negra,medellin_central_mayorista,4,61,338.7254098360656,449.420017866379,14.850764126734383,2.3908860645880963,,
promedio_movil_4,platano_harton_verde,bogota_corabastos,1,61,247.7827868852459,323.32368047601676,7.964753031731675,1.5249300249729296,,
promedio_movil_4,platano_harton_verde,bogota_corabastos,2,61,311.905737704918,391.59241615402135,9.804782053433621,1.9241076506282788,,
promedio_movil_4,platano_harton_verde,bogota_corabastos,3,61,369.7827868852459,461.3674519482417,11.842754347784934,2.2692013856188287,,
promedio_movil_4,platano_harton_verde,bogota_corabastos,4,61,424.6885245901639,535.811644461152,13.52674216139533,2.6054868071300223,,
promedio_movil_4,platano_harton_verde,bucaramanga_centroabastos,1,61,228.51024590163934,321.25174419058305,6.694815327698023,1.784189988489045,,
promedio_movil_4,platano_harton_verde,bucaramanga_centroabastos,2,61,302.219262295082,402.3139101818624,8.860753266092313,2.3575054631829433,,
promedio_movil_4,platano_harton_verde,bucaramanga_centroabastos,3,61,364.96516393442624,498.3676620609676,10.520187827668767,2.8567698658893246,,
promedio_movil_4,platano_harton_verde,bucaramanga_centroabastos,4,61,387.98975409836066,518.9475564469045,11.296976132032718,3.034024952849052,,
promedio_movil_4,platano_harton_verde,cucuta_cenabastos,1,61,265.23975409836066,350.74945192051405,8.306654247227847,1.5201015862801686,,
promedio_movil_4,platano_harton_verde,cucuta_cenabastos,2,61,308.8545081967213,393.2697809970807,9.618667595982487,1.7646689516012157,,
promedio_movil_4,platano_harton_verde,cucuta_cenabastos,3,61,339.219262295082,424.8701486177576,10.219724797644943,1.9427148266323728,,
promedio_movil_4,platano_harton_verde,cucuta_cenabastos,4,61,373.75204918032784,471.800014669577,11.567850799167116,2.1363835825868693,,
promedio_movil_4,platano_harton_verde,medellin_central_mayorista,1,61,155.57172131147541,219.70141751615205,6.905415952092466,1.8513235241466444,,
promedio_movil_4,platano_harton_verde,medellin_central_mayorista,2,61,195.00204918032787,266.8237770936859,8.901848162421713,2.3351148792246574,,
promedio_movil_4,platano_harton_verde,medellin_central_mayorista,3,61,227.4405737704918,295.459404977662,10.523789176626565,2.723635641468882,,
promedio_movil_4,platano_harton_verde,medellin_central_mayorista,4,61,260.30122950819674,340.98806789794054,11.768807176665076,3.1186751966518194,,
promedio_movil_4,tomate,bogota_corabastos,1,61,503.4077868852459,652.3689619772153,16.429918730645614,1.5168402306484852,,
promedio_movil_4,tomate,bogota_corabastos,2,61,570.5389344262295,755.0750737902995,19.017865583896292,1.7688564243820726,,
promedio_movil_4,tomate,bogota_corabastos,3,61,610.014344262295,797.8883325627428,19.7753545724699,1.8646265479796815,,
promedio_movil_4,tomate,bogota_corabastos,4,61,703.9815573770492,890.7737773347928,22.530967848265316,2.122926062755371,,
promedio_movil_4,tomate,bucaramanga_centroabastos,1,61,537.2520491803278,733.639826991386,19.71647656897708,1.3820524798788336,,
promedio_movil_4,tomate,bucaramanga_centroabastos,2,61,591.764344262295,787.2117975428047,21.550390663312662,1.5501882424687752,,
promedio_movil_4,tomate,bucaramanga_centroabastos,3,61,697.5840163934427,903.5058290033511,23.969349226778885,1.8320695074722295,,
promedio_movil_4,tomate,bucaramanga_centroabastos,4,61,817.7151639344262,1016.7387928062601,28.413591528680893,2.127150690038869,,
promedio_movil_4,tomate,cucuta_cenabastos,1,61,563.9467213114754,698.5646261336498,20.35182828834904,1.557276723109064,,
promedio_movil_4,tomate,cucuta_cenabastos,2,61,544.4631147540983,756.5294680748224,20.154471370782932,1.504986616733768,,
promedio_movil_4,tomate,cucuta_cenabastos,3,61,659.2540983606557,898.2615895142802,23.15835641288847,1.8207619534421102,,
promedio_movil_4,tomate,cucuta_cenabastos,4,61,701.9180327868852,908.6131275596729,24.17665350556693,1.9333135059285949,,
promedio_movil_4,tomate,medellin_central_mayorista,1,61,614.4098360655738,806.508627981249,21.31218147934374,1.2619083839530685,,
promedio_movil_4,tomate,medellin_central_mayorista,2,61,735.7622950819672,965.5170273604452,25.12721438046035,1.5312212102447746,,
promedio_movil_4,tomate,medellin_central_mayorista,3,61,782.5819672131148,993.8910983447092,25.7896167884143,1.6294827267293694,,
promedio_movil_4,tomate,medellin_central_mayorista,4,61,897.188524590164,1100.1137511043357,29.545728309164517,1.8559239814548874,,
promedio_movil_4,yuca,bogota_corabastos,1,61,249.8237704918033,385.33251488641406,8.992128836835994,1.9472069263029679,,
promedio_movil_4,yuca,bogota_corabastos,2,61,263.70081967213116,354.49740672246224,9.372618207634739,2.0365144881991677,,
promedio_movil_4,yuca,bogota_corabastos,3,61,286.4795081967213,434.8156047607337,9.861410594398293,2.1997832352923847,,
promedio_movil_4,yuca,bogota_corabastos,4,61,279.3893442622951,385.7520352304395,10.048867509096134,2.186439249459765,,
promedio_movil_4,yuca,bucaramanga_centroabastos,1,61,176.11475409836066,292.39438947404864,7.641679954946599,1.3537944612963098,,
promedio_movil_4,yuca,bucaramanga_centroabastos,2,61,225.14754098360655,320.78519429853293,10.125789343116303,1.6574430283991906,,
promedio_movil_4,yuca,bucaramanga_centroabastos,3,61,265.0,343.5630736171725,11.759620654653833,1.9980961759809839,,
promedio_movil_4,yuca,bucaramanga_centroabastos,4,61,310.03688524590166,426.72165926714445,13.928463378933149,2.4147765770711844,,
promedio_movil_4,yuca,cucuta_cenabastos,1,61,112.91803278688525,155.22992432433156,4.802639826952988,1.011906924583844,,
promedio_movil_4,yuca,cucuta_cenabastos,2,61,126.50819672131148,174.99009778776195,5.257968017937058,1.1400999499645357,,
promedio_movil_4,yuca,cucuta_cenabastos,3,61,144.29918032786884,201.27358201108703,5.889492593106022,1.2949630090635917,,
promedio_movil_4,yuca,cucuta_cenabastos,4,61,169.29098360655738,237.18828443789158,7.167393835239015,1.5238220221355192,,
promedio_movil_4,yuca,medellin_central_mayorista,1,61,103.45286885245902,144.3893240357188,4.942210349134513,1.3998457414748786,,
promedio_movil_4,yuca,medellin_central_mayorista,2,61,139.8422131147541,206.61585844524515,6.2296678672299715,1.9088464500236275,,
promedio_movil_4,yuca,medellin_central_mayorista,3,61,180.5389344262295,238.2234457231553,8.030043029294804,2.4543096406871077,,
promedio_movil_4,yuca,medellin_central_mayorista,4,61,200.0266393442623,263.5783670637945,9.077721443548404,2.7198112763004594,,
promedio_movil_4,zanahoria,bogota_corabastos,1,61,329.0081967213115,424.86751732109406,13.74191248106063,1.4655647112669878,,
promedio_movil_4,zanahoria,bogota_corabastos,2,61,342.80737704918033,475.02679335563556,13.96851237990725,1.5314497721500502,,
promedio_movil_4,zanahoria,bogota_corabastos,3,61,423.577868852459,567.6468065872374,17.459861567806044,1.8825539083535865,,
promedio_movil_4,zanahoria,bogota_corabastos,4,61,497.4303278688525,656.5505841667283,20.98373088871981,2.197707743174189,,
promedio_movil_4,zanahoria,bucaramanga_centroabastos,1,61,301.20081967213116,447.57823464401076,15.059528388309978,1.636312802093542,,
promedio_movil_4,zanahoria,bucaramanga_centroabastos,2,61,343.8483606557377,482.5191488385737,17.881237501001344,1.8604449504027616,,
promedio_movil_4,zanahoria,bucaramanga_centroabastos,3,61,385.922131147541,524.7651011385483,20.499752398259176,2.0945584227586336,,
promedio_movil_4,zanahoria,bucaramanga_centroabastos,4,61,442.64344262295083,593.6828611739094,23.263316530448446,2.400237368159269,,
promedio_movil_4,zanahoria,cucuta_cenabastos,1,61,318.7438524590164,589.5940594758925,15.582402181286826,1.7799321439017195,,
promedio_movil_4,zanahoria,cucuta_cenabastos,2,61,347.2561475409836,497.1271331627749,17.862604766874675,1.9388763938380287,,
promedio_movil_4,zanahoria,cucuta_cenabastos,3,61,415.01024590163934,560.7807142524242,21.811950195629716,2.3392452466745106,,
promedio_movil_4,zanahoria,cucuta_cenabastos,4,61,452.1700819672131,606.3918764611831,24.272284372776554,2.5699735082673456,,
promedio_movil_4,zanahoria,medellin_central_mayorista,1,61,190.19672131147541,266.39392515719226,16.08722421736137,1.3989323119613448,,
promedio_movil_4,zanahoria,medellin_central_mayorista,2,61,239.90983606557376,320.07692786906455,19.850332812212397,1.7756688478621145,,
promedio_movil_4,zanahoria,medellin_central_mayorista,3,61,289.327868852459,380.20387380422324,24.77340341633304,2.128306599947145,,
promedio_movil_4,zanahoria,medellin_central_mayorista,4,61,319.7950819672131,414.2681800476595,26.473185516826565,2.3516888017808637,,
promedio_movil_8,cebolla_cabezona_blanca,bogota_corabastos,1,61,498.68954918032784,636.4091648177584,25.21978258419495,2.3492983277699295,,
promedio_movil_8,cebolla_cabezona_blanca,bogota_corabastos,2,61,521.5645491803278,718.5759818296166,25.84784791211044,2.45511591438125,,
promedio_movil_8,cebolla_cabezona_blanca,bogota_corabastos,3,61,605.1465163934427,815.1307216034381,29.658671696711775,2.86173873655353,,
promedio_movil_8,cebolla_cabezona_blanca,bogota_corabastos,4,61,653.7161885245902,855.7141000156981,33.4793718606184,3.06661571005755,,
promedio_movil_8,cebolla_cabezona_blanca,bucaramanga_centroabastos,1,61,459.07479508196724,619.4345731242806,21.40923977983963,2.368787266935265,,
promedio_movil_8,cebolla_cabezona_blanca,bucaramanga_centroabastos,2,61,462.4907786885246,592.5497573806134,22.35124656532061,2.3852847136168873,,
promedio_movil_8,cebolla_cabezona_blanca,bucaramanga_centroabastos,3,61,576.234631147541,751.1144648833956,27.071365815408356,2.984630195350075,,
promedio_movil_8,cebolla_cabezona_blanca,bucaramanga_centroabastos,4,61,657.0215163934427,813.2409955333572,31.406099203316153,3.4047498913075094,,
promedio_movil_8,cebolla_cabezona_blanca,cucuta_cenabastos,1,61,479.6967213114754,623.90225471423,22.18313465366353,2.3758472609137757,,
promedio_movil_8,cebolla_cabezona_blanca,cucuta_cenabastos,2,61,535.8545081967213,714.2814097041693,24.584973003039686,2.6359202562222297,,
promedio_movil_8,cebolla_cabezona_blanca,cucuta_cenabastos,3,61,591.3770491803278,814.358478453625,26.55528495466031,2.9430730483683987,,
promedio_movil_8,cebolla_cabezona_blanca,cucuta_cenabastos,4,61,677.625,891.935017639513,31.58322619170567,3.368481572094558,,
promedio_movil_8,cebolla_cabezona_blanca,medellin_central_mayorista,1,61,542.0215163934427,705.0428139885299,23.164479674003854,2.1888235676930003,,
promedio_movil_8,cebolla_cabezona_blanca,medellin_central_mayorista,2,61,555.1875,740.2285062621503,24.499414761299676,2.2363755291051097,,
promedio_movil_8,cebolla_cabezona_blanca,medellin_central_mayorista,3,61,670.781762295082,901.0558399616507,29.07052165354499,2.7123811916948486,,
promedio_movil_8,cebolla_cabezona_blanca,medellin_central_mayorista,4,61,692.9006147540983,910.3709992289916,30.664286036745064,2.802850624759184,,
promedio_movil_8,mango_tommy,bogota_corabastos,1,56,1754.1738839285715,2227.1386336966007,35.01840043061162,3.733956798261736,,
promedio_movil_8,mango_tommy,bogota_corabastos,2,57,1872.572587719298,2374.19099783677,38.525743776167566,3.9951860332813136,,
promedio_movil_8,mango_tommy,bogota_corabastos,3,56,2158.5783482142856,2678.825607083867,44.55918151105424,4.610901058477729,,
promedio_movil_8,mango_tommy,bogota_corabastos,4,55,2444.023863636364,3044.476193418834,49.43344474999741,5.210903126602117,,
promedio_movil_8,mango_tommy,bucaramanga_centroabastos,1,61,1429.998975409836,1820.0074979473377,32.98309715855273,3.4952791904875027,,
promedio_movil_8,mango_tommy,bucaramanga_centroabastos,2,61,1745.8206967213114,2177.764393982802,39.539027697955035,4.324671046829499,,
promedio_movil_8,mango_tommy,bucaramanga_centroabastos,3,61,2019.642418032787,2467.22440817398,46.225979180587935,4.989123366640653,,
promedio_movil_8,mango_tommy,bucaramanga_centroabastos,4,61,1983.748975409836,2497.9738370398013,46.60592670976861,4.878988169518789,,
promedio_movil_8,mango_tommy,medellin_central_mayorista,1,61,1442.030737704918,1803.6339741420106,36.21099498230281,3.385237160760142,,
promedio_movil_8,mango_tommy,medellin_central_mayorista,2,61,1665.7438524590164,2027.4477066630038,42.1137632684913,3.9282577159701835,,
promedio_movil_8,mango_tommy,medellin_central_mayorista,3,61,1934.6495901639344,2340.8943093169364,49.027236605898445,4.559185652679822,,
promedio_movil_8,mango_tommy,medellin_central_mayorista,4,61,2063.690573770492,2577.931864325652,50.59493165411191,4.864409389980309,,
promedio_movil_8,papa_criolla,bogota_corabastos,1,61,687.4928278688525,905.9702190722381,15.388285030948385,2.319309657300712,,
promedio_movil_8,papa_criolla,bogota_corabastos,2,61,795.9006147540983,1077.1421531876226,17.710446796096786,2.700843545138488,,
promedio_movil_8,papa_criolla,bogota_corabastos,3,61,820.1280737704918,1120.7118981912517,18.29551731357563,2.772792357848803,,
promedio_movil_8,papa_criolla,bogota_corabastos,4,61,831.890368852459,1175.2168312042672,18.498945305555875,2.8147556491738825,,
promedio_movil_8,papa_criolla,bucaramanga_centroabastos,1,60,607.8125,740.121478275132,19.07419840002299,1.8801530821852555,,
promedio_movil_8,papa_criolla,bucaramanga_centroabastos,2,61,598.3729508196722,787.537776709062,18.06523443546919,1.877879535387447,,
promedio_movil_8,papa_criolla,bucaramanga_centroabastos,3,61,720.7069672131148,961.9925907307716,21.65152508968923,2.2554941814787077,,
promedio_movil_8,papa_criolla,bucaramanga_centroabastos,4,61,744.9959016393443,978.8522708695502,22.87570035880096,2.3201201177030346,,
promedio_movil_8,papa_criolla,cucuta_cenabastos,1,61,528.5256147540983,712.9104639418953,16.677181607555518,1.588012884392431,,
promedio_movil_8,papa_criolla,cucuta_cenabastos,2,61,603.5071721311475,769.3899040635363,19.7154497332627,1.8199042435041408,,
promedio_movil_8,papa_criolla,cucuta_cenabastos,3,61,695.3002049180328,888.3205930936431,22.072240242505572,2.084258024898586,,
promedio_movil_8,papa_criolla,cucuta_cenabastos,4,61,830.2756147540983,1086.3005617877914,26.099301349357095,2.48622443950922,,
promedio_movil_8,papa_criolla,medellin_central_mayorista,1,61,513.2735655737705,617.2982708232488,16.99219554645514,1.5787810727324223,,
promedio_movil_8,papa_criolla,medellin_central_mayorista,2,61,569.015368852459,705.3475392053284,18.483560988401308,1.7572056542987593,,
promedio_movil_8,papa_criolla,medellin_central_mayorista,3,61,741.6321721311475,900.3580341106544,24.188533637982857,2.2981432175508916,,
promedio_movil_8,papa_criolla,medellin_central_mayorista,4,61,716.0420081967213,864.0114811665424,23.462038372180913,2.2088585520283797,,
promedio_movil_8,papa_negra,bogota_corabastos,1,61,294.06045081967216,387.8225180671946,15.603707494268706,2.60825636224745,,
promedio_movil_8,papa_negra,bogota_corabastos,2,61,347.4129098360656,447.4838961150162,18.219737594344377,3.1098440357803643,,
promedio_movil_8,papa_negra,bogota_corabastos,3,61,389.57274590163934,509.8335082502263,20.507677332171014,3.499238559775133,,
promedio_movil_8,papa_negra,bogota_corabastos,4,61,426.70594262295083,555.1082029617193,22.193267658985288,3.808423289974898,,
promedio_movil_8,papa_negra,bucaramanga_centroabastos,1,61,307.57479508196724,398.00369473414275,16.923013561751493,2.2885047876825286,,
promedio_movil_8,papa_negra,bucaramanga_centroabastos,2,61,341.0768442622951,449.7492954157313,18.553571991576487,2.5566737039003877,,
promedio_movil_8,papa_negra,bucaramanga_centroabastos,3,61,419.0071721311475,565.0076176745101,22.88670162180254,3.1404116142992926,,
promedio_movil_8,papa_negra,bucaramanga_centroabastos,4,61,429.3391393442623,559.4703652452044,23.075617962621916,3.227273839220908,,
promedio_movil_8,papa_negra,medellin_central_mayorista,1,61,295.21618852459017,384.0481674752349,12.721319315872718,2.084331900513608,,
promedio_movil_8,papa_negra,medellin_central_mayorista,2,61,339.2879098360656,454.4204120907121,14.91802958435073,2.3972082819555287,,
promedio_movil_8,papa_negra,medellin_central_mayorista,3,61,389.4620901639344,507.33421145554263,17.115302813329816,2.7648655014615566,,
promedio_movil_8,papa_negra,medellin_central_mayorista,4,61,425.65881147540983,547.6331076147973,18.581183235305783,3.0018520200893986,,
promedio_movil_8,platano_harton_verde,bogota_corabastos,1,61,319.5143442622951,415.5241767270253,10.116969037798357,1.9659480150727808,,
promedio_movil_8,platano_harton_verde,bogota_corabastos,2,61,373.28483606557376,478.13424988373845,11.736939214589045,2.2972178028640102,,
promedio_movil_8,platano_harton_verde,bogota_corabastos,3,61,439.36475409836066,551.7351859543508,14.067013989543225,2.693154989322313,,
promedio_movil_8,platano_harton_verde,bogota_corabastos,4,61,501.9836065573771,629.0559364299703,15.945717363654467,3.079322395954027,,
promedio_movil_8,platano_harton_verde,bucaramanga_centroabastos,1,61,324.41188524590166,433.12164619144835,9.470745684790561,2.5296165117006453,,
promedio_movil_8,platano_harton_verde,bucaramanga_centroabastos,2,61,396.23975409836066,499.9201911202968,11.549408835372748,3.0893779491493887,,
promedio_movil_8,platano_harton_verde,bucaramanga_centroabastos,3,61,441.17418032786884,582.9969172144544,12.690777933637534,3.4438932712104657,,
promedio_movil_8,platano_harton_verde,bucaramanga_centroabastos,4,61,465.25204918032784,598.4790402588034,13.406982582476571,3.6276808393322124,,
promedio_movil_8,platano_harton_verde,cucuta_cenabastos,1,61,323.37295081967216,418.0459699810752,10.001542313513946,1.8632991525429334,,
promedio_movil_8,platano_harton_verde,cucuta_cenabastos,2,61,377.56762295081967,457.8670788677219,11.50984469845422,2.1629617224516906,,
promedio_movil_8,platano_harton_verde,cucuta_cenabastos,3,61,414.57377049180326,518.0199105145952,12.494417323881484,2.37527230849281,,
promedio_movil_8,platano_harton_verde,cucuta_cenabastos,4,61,462.0389344262295,568.9057529708411,14.221763459666917,2.641852244600656,,
promedio_movil_8,platano_harton_verde,medellin_central_mayorista,1,61,210.80430327868854,278.49318728882935,9.4776228213132,2.5240303339359214,,
promedio_movil_8,platano_harton_verde,medellin_central_mayorista,2,61,239.9252049180328,314.9735928260755,11.023883926062602,2.857868649083081,,
promedio_movil_8,platano_harton_verde,medellin_central_mayorista,3,61,263.5092213114754,338.45230467293635,12.196074486858645,3.1499378440414123,,
promedio_movil_8,platano_harton_verde,medellin_central_mayorista,4,61,305.5071721311475,381.46413287433677,13.914092268610286,3.646395683650987,,
promedio_movil_8,tomate,bogota_corabastos,1,61,566.9077868852459,746.5041151627485,18.538657200021117,1.6822951365786007,,
promedio_movil_8,tomate,bogota_corabastos,2,61,596.3688524590164,765.9696178245766,19.76230399381905,1.8322767669309654,,
promedio_movil_8,tomate,bogota_corabastos,3,61,667.0983606557377,890.1817612910556,21.52390181282994,2.0207159746266035,,
promedio_movil_8,tomate,bogota_corabastos,4,61,753.188524590164,994.6142872643284,24.176812738829593,2.2672065949558404,,
promedio_movil_8,tomate,bucaramanga_centroabastos,1,61,591.7274590163935,802.8727471905821,21.365978324627886,1.5282253856186503,,
promedio_movil_8,tomate,bucaramanga_centroabastos,2,61,593.389344262295,790.6536558501588,21.829901114143997,1.5484921129942248,,
promedio_movil_8,tomate,bucaramanga_centroabastos,3,61,725.9344262295082,946.0206153878094,24.89897839223153,1.8991829823966948,,
promedio_movil_8,tomate,bucaramanga_centroabastos,4,61,853.6147540983607,1073.0856995940053,29.78001968577403,2.229250018082346,,
promedio_movil_8,tomate,cucuta_cenabastos,1,61,647.5071721311475,800.4144209878451,22.817316152371,1.7893807641267858,,
promedio_movil_8,tomate,cucuta_cenabastos,2,61,636.3125,840.1975393687921,23.222462156601523,1.7560225934327252,,
promedio_movil_8,tomate,cucuta_cenabastos,3,61,763.8657786885246,982.6525016366917,26.886836750678313,2.1054050699073446,,
promedio_movil_8,tomate,cucuta_cenabastos,4,61,803.2448770491803,1024.526996738797,27.830011484042437,2.2089954837871293,,
promedio_movil_8,tomate,medellin_central_mayorista,1,61,674.0963114754098,867.9840875734634,22.703636184683326,1.3840562333428101,,
promedio_movil_8,tomate,medellin_central_mayorista,2,61,739.0102459016393,940.8222017018752,25.344017640878462,1.541446994371063,,
promedio_movil_8,tomate,medellin_central_mayorista,3,61,849.0266393442623,1046.268464616625,28.040048336573424,1.7663932183945668,,
promedio_movil_8,tomate,medellin_central_mayorista,4,61,938.4897540983607,1172.4848260273325,31.162307804869748,1.9439090684516638,,
promedio_movil_8,yuca,bogota_corabastos,1,61,302.38729508196724,438.40580323420244,10.89731501744476,2.367354966435578,,
promedio_movil_8,yuca,bogota_corabastos,2,61,286.84016393442624,395.21946558002514,10.347272440796642,2.2248210989437465,,
promedio_movil_8,yuca,bogota_corabastos,3,61,318.780737704918,470.51344660102654,11.1782375063625,2.471975907364531,,
promedio_movil_8,yuca,bogota_corabastos,4,61,328.1516393442623,441.670846942533,12.010289838287663,2.5869914315142033,,
promedio_movil_8,yuca,bucaramanga_centroabastos,1,61,236.4610655737705,351.5976935936424,10.643996928295833,1.8097623596099075,,
promedio_movil_8,yuca,bucaramanga_centroabastos,2,61,251.547131147541,336.6264113290924,11.615182892572255,1.8660298139046811,,
promedio_movil_8,yuca,bucaramanga_centroabastos,3,61,284.2827868852459,374.88345815432547,12.571050127099278,2.1622302380454594,,
promedio_movil_8,yuca,bucaramanga_centroabastos,4,61,331.24590163934425,452.4229947893225,14.857875144402533,2.5928936623999235,,
promedio_movil_8,yuca,cucuta_cenabastos,1,61,139.73155737704917,194.88998348006666,5.9637560433577494,1.2515129420044167,,
promedio_movil_8,yuca,cucuta_cenabastos,2,61,160.89959016393442,219.74788349425557,6.579343317563373,1.4436845881102292,,
promedio_movil_8,yuca,cucuta_cenabastos,3,61,183.52459016393442,248.7293799118883,7.374603746987251,1.640974938871732,,
promedio_movil_8,yuca,cucuta_cenabastos,4,61,208.23565573770492,279.46159837111674,8.611236183205133,1.868946541881908,,
promedio_movil_8,yuca,medellin_central_mayorista,1,61,148.18852459016392,189.6489348608435,6.9933429150635344,2.010164672532301,,
promedio_movil_8,yuca,medellin_central_mayorista,2,61,176.9795081967213,250.67724303211156,8.0539530014391,2.419248397439294,,
promedio_movil_8,yuca,medellin_central_mayorista,3,61,219.77254098360655,278.607870569072,9.903065289851929,2.992316434534556,,
promedio_movil_8,yuca,medellin_central_mayorista,4,61,227.9405737704918,292.60095156118035,10.502981469178135,3.1037549220241907,,
promedio_movil_8,zanahoria,bogota_corabastos,1,61,434.4456967213115,572.3533312084322,18.017649787648775,1.9290245600557745,,
promedio_movil_8,zanahoria,bogota_corabastos,2,61,457.4641393442623,583.1267267009208,18.83630468933393,2.029478345745263,,
promedio_movil_8,zanahoria,bogota_corabastos,3,61,525.5850409836065,685.2065910553672,21.66358989163614,2.3288571786549572,,
promedio_movil_8,zanahoria,bogota_corabastos,4,61,584.123975409836,758.1463878279293,24.725661819895464,2.5730245386809325,,
promedio_movil_8,zanahoria,bucaramanga_centroabastos,1,61,394.0840163934426,553.9006731233276,19.72592155778967,2.1253202129320456,,
promedio_movil_8,zanahoria,bucaramanga_centroabastos,2,61,401.7643442622951,537.5900665580468,20.7210613426809,2.161647727291113,,
promedio_movil_8,zanahoria,bucaramanga_centroabastos,3,61,437.2909836065574,568.5522785033875,23.120370435293218,2.3597194619985578,,
promedio_movil_8,zanahoria,bucaramanga_centroabastos,4,61,498.6844262295082,643.0825592585613,26.037374393843336,2.690198806124595,,
promedio_movil_8,zanahoria,cucuta_cenabastos,1,61,396.4446721311475,679.824304444104,19.50148815752018,2.19223429883495,,
promedio_movil_8,zanahoria,cucuta_cenabastos,2,61,408.54918032786884,606.6274917990055,20.47901202417889,2.2626695967758903,,
promedio_movil_8,zanahoria,cucuta_cenabastos,3,61,470.63524590163934,639.7733420323208,24.854091213813778,2.628297274875232,,
promedio_movil_8,zanahoria,cucuta_cenabastos,4,61,508.07377049180326,684.2857214953547,27.003346599724214,2.851741502503435,,
promedio_movil_8,zanahoria,medellin_central_mayorista,1,61,270.3063524590164,353.02621378644017,23.120763471360778,1.988878059903342,,
promedio_movil_8,zanahoria,medellin_central_mayorista,2,61,307.73668032786884,399.8115570940429,25.73647927492434,2.2760404268049865,,
promedio_movil_8,zanahoria,medellin_central_mayorista,3,61,358.4907786885246,456.8968897533567,30.922406305075807,2.624654881059751,,
promedio_movil_8,zanahoria,medellin_central_mayorista,4,61,385.7961065573771,483.98465041951573,32.343135456732256,2.823428847720426,,
